Remaining Edges,Average Shortest Path
4723,997.9723367495399
4722,998.0005777512445
4721,998.1381825465941
4720,998.1666062717494
4719,998.2642108340808
4718,998.2659021042986
4717,998.2659021042986
4716,998.2772282127573
4715,998.363838108103
4714,998.3747313049253
4713,998.4715904703943
4712,998.4845285702165
4711,998.5441678811438
4710,998.7531967412532
4709,999.0137619160778
4708,999.124874330736
4707,999.1291191861735
4706,999.2673086978374
4705,999.3273347116407
4704,999.4048720702964
4703,999.4604989894117
4702,999.5671768808091
4701,999.5724714909617
4700,999.5724714909617
4699,999.6315749572285
4698,1000.1051548552268
4697,1000.337227924152
4696,1000.337227924152
4695,1000.6088810692936
4694,1001.6034478651991
4693,1001.6034478651991
4692,1001.6148338878584
4691,1001.7496154777009
4690,1001.8812769474755
4689,1002.1084385978397
4688,1002.1084385978397
4687,1002.1117782088833
4686,1002.1329850192477
4685,1002.216743472175
4684,1002.216743472175
4683,1002.216743472175
4682,1002.2720420453147
4681,1002.2967643055174
4680,1002.2967643055174
4679,1002.2967643055174
4678,1002.3038991703523
4677,1002.3621041593968
4676,1002.3655191901535
4675,1002.4591191630269
4674,1002.5082374568802
4673,1002.5082374568802
4672,1002.5871111140634
4671,1002.7123439457099
4670,1002.7169281798713
4669,1002.8491596483678
4668,1002.9275975389036
4667,1002.9275975389036
4666,1002.9275975389036
4665,1002.9275975389036
4664,1002.9497578580365
4663,1003.092825081277
4662,1003.2606577042715
4661,1003.3668798441826
4660,1003.3718884304573
4659,1003.5164694827987
4658,1003.9394445140993
4657,1003.9911818606931
4656,1004.0601292926563
4655,1004.5847298732145
4654,1004.595607581952
4653,1004.595607581952
4652,1004.6102718122846
4651,1004.6723348263408
4650,1004.6885480137362
4649,1004.8884658086633
4648,1004.8920884550755
4647,1004.9082671928986
4646,1004.9802233580525
4645,1004.9848040196929
4644,1004.9873018290338
4643,1005.2693275772801
4642,1005.2693275772801
4641,1005.8419088573344
4640,1005.9397789320005
4639,1005.9479628071613
4638,1006.2314301606881
4637,1006.3014305179283
4636,1006.3316899752258
4635,1006.3459005106153
4634,1006.5942190888578
4633,1006.8910827380907
4632,1006.899770802826
4631,1006.923464506371
4630,1007.1815679098172
4629,1007.2170014435238
4628,1007.4084034264811
4627,1008.0822608012829
4626,1008.1084266594842
4625,1008.2187408701552
4624,1008.3420909318673
4623,1008.562288751401
4622,1008.5898796057025
4621,1009.6869614933757
4620,1010.0336355174311
4619,1010.0641843945375
4618,1010.6477192838205
4617,1010.7005983573725
4616,1010.7713195643935
4615,1011.2076328723588
4614,1011.4442725985898
4613,1011.617573045823
4612,1011.7018910578051
4611,1011.7590096128058
4610,1011.8680180516982
4609,1011.931547471118
4608,1011.9347233061876
4607,1011.9379323327342
4606,1012.2387924880417
4605,1012.3271137853991
4604,1012.8354273430672
4603,1012.8579775407156
4602,1012.9931472001485
4601,1012.9931472001485
4600,1013.2755392817642
4599,1013.2755392817642
4598,1013.2764241119389
4597,1013.3212658381664
4596,1013.3276686119158
4595,1013.3276686119158
4594,1013.3557873645965
4593,1013.8635027561131
4592,1014.0689098259035
4591,1014.0689098259035
4590,1014.0689098259035
4589,1014.1282995593757
4588,1014.1425229217906
4587,1014.3058282687073
4586,1014.3058282687073
4585,1014.3823493794919
4584,1014.7872308017984
4583,1014.7872308017984
4582,1015.1160049896148
4581,1015.2431047835397
4580,1015.5581434293414
4579,1015.5593946118614
4578,1015.9013815949639
4577,1015.9013815949639
4576,1015.9013815949639
4575,1015.9135027525911
4574,1016.060142154618
4573,1016.0661940097785
4572,1016.0688060821642
4571,1016.1656090911247
4570,1016.4912879015934
4569,1016.5131372066261
4568,1016.5167720561673
4567,1016.7307872842553
4566,1016.8471258799291
4565,1016.8610108088308
4564,1017.0243668169434
4563,1017.1433365528461
4562,1017.2613017682761
4561,1017.4947181367601
4560,1017.5746445311557
4559,1017.5755971229581
4558,1017.5755971229581
4557,1017.9606141865709
4556,1017.9623401843947
4555,1018.1258864490807
4554,1018.2019930044025
4553,1018.2019930044025
4552,1018.227319693211
4551,1018.312434410513
4550,1018.4028696618144
4549,1018.5094471952308
4548,1018.5355352154605
4547,1018.6848960178871
4546,1018.7391724053493
4545,1018.8749707121068
4544,1019.0347067493284
4543,1019.0458059955307
4542,1019.0878947039504
4541,1019.1365311595547
4540,1019.1971288646288
4539,1019.2517544205335
4538,1019.2834493390449
4537,1019.301367719402
4536,1019.3251199430446
4535,1019.5439237566145
4534,1019.5439237566145
4533,1019.5439237566145
4532,1019.6181864271186
4531,1019.6181864271186
4530,1019.8083407837305
4529,1020.3278008720685
4528,1020.4462846734015
4527,1020.5989499520526
4526,1020.6784774153556
4525,1020.6898578940019
4524,1020.7437352642713
4523,1020.7927889183359
4522,1021.1171513436947
4521,1021.3058603337128
4520,1021.4631072818618
4519,1021.6468432119603
4518,1021.6468432119603
4517,1021.7521054856184
4516,1021.9168352770998
4515,1021.9951570456268
4514,1022.1901695219101
4513,1022.3632141564777
4512,1022.3937733475002
4511,1022.4392534273879
4510,1023.4493656716735
4509,1023.5448643294095
4508,1023.55215752255
4507,1023.5877417011372
4506,1023.6400223434968
4505,1023.6443692872547
4504,1024.1557825852547
4503,1024.1613474879612
4502,1024.1688896356363
4501,1024.1688896356363
4500,1024.2739714374115
4499,1024.2739714374115
4498,1024.2908442323999
4497,1024.4753693179878
4496,1024.5204863831866
4495,1024.5204863831866
4494,1024.5260884499532
4493,1024.5260884499532
4492,1024.5424479551148
4491,1024.5542012034205
4490,1024.5593035523848
4489,1024.600915709098
4488,1024.6189041419823
4487,1025.1646522599503
4486,1025.1812485689659
4485,1025.4457370558064
4484,1025.5271034421598
4483,1025.595107291154
4482,1025.8104292529115
4481,1025.8194031742569
4480,1025.9794772158482
4479,1026.0467007777636
4478,1026.8085255298167
4477,1026.8201267619788
4476,1027.0432035198119
4475,1027.1288571606137
4474,1027.1752160865242
4473,1027.3608979225141
4472,1027.3720307491983
4471,1027.409001532565
4470,1027.5476881506524
4469,1027.6682795770691
4468,1027.6918316952895
4467,1027.8327045060362
4466,1027.841434094208
4465,1027.864635371325
4464,1027.8860496679229
4463,1027.8860496679229
4462,1028.0591951216102
4461,1028.4930995914285
4460,1028.708782219877
4459,1028.708782219877
4458,1028.9034963265685
4457,1028.9938069626805
4456,1029.2319368819553
4455,1029.4423573696445
4454,1029.4423573696445
4453,1029.4862675441868
4452,1029.5049745954234
4451,1029.7500576974624
4450,1029.9405008425142
4449,1030.00013177517
4448,1030.3861176424725
4447,1030.4837669926894
4446,1030.5795713755626
4445,1030.5839891034093
4444,1030.5877586722092
4443,1030.5954925217159
4442,1031.0767069551644
4441,1031.1394163409693
4440,1031.2028538572074
4439,1031.2172917200132
4438,1031.3893199744057
4437,1031.948067345579
4436,1032.046389051781
4435,1032.046389051781
4434,1032.301824125301
4433,1032.3534766473317
4432,1032.4428843267553
4431,1032.4716128172013
4430,1032.4820692599621
4429,1032.5339986253857
4428,1032.5480447894113
4427,1032.5480447894113
4426,1032.616127410631
4425,1032.616127410631
4424,1033.1379448622938
4423,1033.212265146939
4422,1033.212265146939
4421,1033.212265146939
4420,1033.212265146939
4419,1033.414939261693
4418,1033.414939261693
4417,1033.535677747195
4416,1033.5740062777572
4415,1033.5806246561237
4414,1033.7646871841112
4413,1033.7646871841112
4412,1033.7646871841112
4411,1033.8007500067358
4410,1033.8686616432497
4409,1033.8720685761957
4408,1033.9151437846024
4407,1034.3302058185454
4406,1034.509074599978
4405,1034.6739204907692
4404,1034.6769475241588
4403,1034.9349648810562
4402,1034.9349648810562
4401,1034.9856113359142
4400,1035.0070848845648
4399,1035.1467173689496
4398,1035.1515402220048
4397,1035.2304539173301
4396,1035.2304539173301
4395,1035.295906299569
4394,1035.3016886949736
4393,1035.4609841284578
4392,1035.51496131336
4391,1035.51496131336
4390,1035.6522753314719
4389,1035.686029421705
4388,1035.6992259356643
4387,1035.7436613561035
4386,1035.746695778881
4385,1035.7780163481061
4384,1035.8900405478519
4383,1036.272148823927
4382,1036.354457344945
4381,1036.3637986537933
4380,1036.3813283077138
4379,1036.4113208396752
4378,1036.8863742697922
4377,1037.0319768377074
4376,1037.0740385114063
4375,1037.2426251794736
4374,1037.3147582404877
4373,1037.4334725411286
4372,1037.4349836237575
4371,1037.441401928514
4370,1037.4719758118226
4369,1037.6340391801841
4368,1037.6910421306218
4367,1037.7260288476746
4366,1037.7704195960112
4365,1037.8319370565862
4364,1037.8428468126779
4363,1037.8428468126779
4362,1037.8464686009825
4361,1037.9212674212056
4360,1037.9212674212056
4359,1038.0565023787904
4358,1038.0565023787904
4357,1038.0565023787904
4356,1038.0809531108664
4355,1038.0979191238123
4354,1038.1068938014191
4353,1038.1088468668165
4352,1038.2008700534175
4351,1038.2298975294484
4350,1038.6506596171973
4349,1038.7807397790682
4348,1038.7807397790682
4347,1038.890812506092
4346,1038.9076324180273
4345,1039.2304634659504
4344,1039.2984878854186
4343,1039.341395423803
4342,1039.34951519384
4341,1039.404438257374
4340,1039.4419302708511
4339,1040.079148053755
4338,1040.1894990304127
4337,1040.3238936838836
4336,1040.3302823893218
4335,1040.46743468824
4334,1040.680294251101
4333,1041.249194008723
4332,1041.2558140266858
4331,1041.2804356101033
4330,1041.285693248869
4329,1041.3348509793814
4328,1041.3877060575126
4327,1041.4650516253323
4326,1041.666276604806
4325,1041.7700154204133
4324,1041.8775026919393
4323,1041.8822778874305
4322,1042.1442944435987
4321,1042.2123318855504
4320,1042.3003840826798
4319,1042.6687259214907
4318,1042.7097637689524
4317,1042.7097637689524
4316,1042.9875112215773
4315,1043.0559507952407
4314,1043.1976388761827
4313,1043.3829118396243
4312,1043.3938964509
4311,1043.4021576145483
4310,1043.4021576145483
4309,1043.4037274186037
4308,1043.5263003605091
4307,1043.5947487028689
4306,1043.5947487028689
4305,1043.8095748522176
4304,1043.9398476486497
4303,1044.1809907557167
4302,1044.1972831965904
4301,1044.353296440896
4300,1044.4548833569095
4299,1044.5634966373811
4298,1044.5647239475607
4297,1044.586242013208
4296,1044.6374841391296
4295,1044.6682902325394
4294,1044.9704450269141
4293,1045.1354465635925
4292,1045.279921211609
4291,1045.397477854257
4290,1045.8413746284666
4289,1045.8413746284666
4288,1046.0010822418642
4287,1046.0116731914457
4286,1046.0116731914457
4285,1046.0116731914457
4284,1046.1052512604056
4283,1046.1073893121675
4282,1046.1113671088121
4281,1046.1124584395875
4280,1046.1805200594233
4279,1046.275051992624
4278,1046.481157816579
4277,1046.5052362870624
4276,1046.5052362870624
4275,1046.5789608484447
4274,1046.616964679822
4273,1046.616964679822
4272,1046.6499839135547
4271,1046.6659568571938
4270,1046.6733202370724
4269,1046.9364126366286
4268,1046.9861494656957
4267,1047.106918186678
4266,1047.106918186678
4265,1047.106918186678
4264,1047.4750271946755
4263,1047.477734013056
4262,1047.558833488202
4261,1047.558833488202
4260,1047.6000471820269
4259,1047.8563821684163
4258,1047.8719936646576
4257,1047.9253273274164
4256,1048.1695490716975
4255,1048.1695490716975
4254,1048.174476782456
4253,1048.174476782456
4252,1048.247310031857
4251,1048.247310031857
4250,1049.0398373195949
4249,1049.0398373195949
4248,1049.354105193077
4247,1049.384126437485
4246,1049.4062387422748
4245,1049.5580686532792
4244,1049.5789665429138
4243,1049.6650436019825
4242,1049.6650436019825
4241,1049.7079889167794
4240,1049.9866648422208
4239,1049.9947838105027
4238,1050.0440117133664
4237,1050.0546461142123
4236,1050.0546461142123
4235,1050.0565986188167
4234,1050.2042446288667
4233,1050.2063527188297
4232,1050.2063527188297
4231,1050.4244827774958
4230,1050.4536949701944
4229,1050.542024576107
4228,1051.0550230973538
4227,1051.58957314488
4226,1051.7631252495337
4225,1051.776409879066
4224,1051.7808323877653
4223,1051.7808323877653
4222,1051.8127464954946
4221,1051.8517798178539
4220,1051.9730981631417
4219,1052.01244437516
4218,1052.1355099604718
4217,1052.3081263355314
4216,1052.410964218673
4215,1052.6820807678573
4214,1052.6922098596704
4213,1052.8813345259623
4212,1053.0368320566781
4211,1053.0368320566781
4210,1053.1416705089848
4209,1053.6105264651314
4208,1053.8677363957515
4207,1054.7725701867978
4206,1054.8476459778844
4205,1054.8500830783803
4204,1054.9121785117675
4203,1055.0088804249415
4202,1055.4015428800813
4201,1055.5748844145387
4200,1055.660796457757
4199,1055.7274497808978
4198,1055.9574302722795
4197,1056.064980519632
4196,1056.064980519632
4195,1056.2339477576425
4194,1056.2564789611245
4193,1056.261899796583
4192,1056.2716588874723
4191,1056.5361540568113
4190,1057.0515515801105
4189,1057.1958537973376
4188,1057.4262811799015
4187,1057.8059691106987
4186,1057.8974333808305
4185,1057.8974333808305
4184,1057.9058826011303
4183,1057.9390629720767
4182,1058.2446965990848
4181,1058.540765665744
4180,1058.5430675869452
4179,1058.5974557307204
4178,1058.6005115369485
4177,1059.1844199783814
4176,1059.4368627137355
4175,1059.4776415380543
4174,1059.8479582022708
4173,1059.903632668428
4172,1060.6730311045035
4171,1061.0694446075715
4170,1061.09275026456
4169,1061.09275026456
4168,1061.09275026456
4167,1061.5696887541462
4166,1061.8040707595485
4165,1061.8040707595485
4164,1061.942454190485
4163,1062.20551113065
4162,1062.2133258748536
4161,1062.2458379591992
4160,1062.2611330599757
4159,1062.4989607508312
4158,1062.9127820986816
4157,1062.9513218138688
4156,1063.0449299537315
4155,1063.081030099392
4154,1063.0845675236997
4153,1063.3102685673875
4152,1063.3609938351017
4151,1063.3609938351017
4150,1063.3667651810008
4149,1063.5573926218697
4148,1063.5700316430812
4147,1063.7700611782675
4146,1063.952316193539
4145,1063.968361449598
4144,1064.0459422085712
4143,1064.0615273678548
4142,1064.1526956078606
4141,1064.2897662646994
4140,1064.3092600232496
4139,1064.6066774123337
4138,1064.667854447328
4137,1064.753675043078
4136,1064.8579282092296
4135,1065.0249475860917
4134,1065.0277977319176
4133,1065.0277977319176
4132,1065.2200656999437
4131,1065.3128934658023
4130,1065.350163765945
4129,1065.3723367072375
4128,1065.4471215773526
4127,1065.7864605165385
4126,1065.9166856219488
4125,1066.16784058299
4124,1066.5735386133222
4123,1066.7954027778653
4122,1066.8553230240693
4121,1066.8612047480856
4120,1067.3850992777197
4119,1067.567527879955
4118,1067.567527879955
4117,1067.567527879955
4116,1067.567527879955
4115,1067.6594388557014
4114,1067.7341247388288
4113,1067.8808030943474
4112,1067.9381967749378
4111,1067.9493152228752
4110,1068.0279285842446
4109,1068.1896156513371
4108,1068.1896156513371
4107,1068.288238876198
4106,1068.2883242792138
4105,1068.4723489200733
4104,1068.576792244644
4103,1068.6003515053242
4102,1068.602919481155
4101,1068.7801717009472
4100,1069.0013914022588
4099,1069.0216428122278
4098,1069.0298487657697
4097,1069.0716194401145
4096,1069.3467442138704
4095,1069.417866467289
4094,1069.4258631544494
4093,1069.427841090914
4092,1069.4309510423923
4091,1069.4309510423923
4090,1069.4309510423923
4089,1069.4403331323545
4088,1069.4662512455259
4087,1069.4662512455259
4086,1069.4662512455259
4085,1069.4662512455259
4084,1069.5417719266172
4083,1069.6131653005873
4082,1069.6399305725447
4081,1069.6470299177558
4080,1069.7938249448553
4079,1070.383974450226
4078,1070.5758250767926
4077,1070.6574733764287
4076,1070.8116692312615
4075,1071.6914380787236
4074,1071.9664141866629
4073,1072.1431323140346
4072,1072.1431323140346
4071,1072.1798531465552
4070,1072.3635153590653
4069,1072.3635153590653
4068,1072.4569818888615
4067,1072.478921116951
4066,1072.861668980279
4065,1073.0794636040005
4064,1073.0870948734705
4063,1073.1446714562499
4062,1073.3955503746656
4061,1073.6229416842652
4060,1073.6628448339725
4059,1073.757457694832
4058,1074.080268372745
4057,1074.080268372745
4056,1074.0860607072984
4055,1074.1948774590846
4054,1074.2010946703676
4053,1074.2396306822
4052,1074.3140150195557
4051,1074.4534635651535
4050,1074.4700455276404
4049,1074.493735591598
4048,1074.4999156820681
4047,1074.5035069682574
4046,1074.5566009500815
4045,1074.5642550325997
4044,1074.601684056036
4043,1074.6412369959899
4042,1074.673190961869
4041,1074.7249182482592
4040,1078.3917143825156
4039,1078.640749980852
4038,1078.640749980852
4037,1078.640749980852
4036,1078.67826625956
4035,1078.67826625956
4034,1078.67826625956
4033,1078.7610484820939
4032,1078.7610484820939
4031,1078.7641819531882
4030,1078.8010269015506
4029,1078.8010269015506
4028,1078.887970627403
4027,1079.03973245991
4026,1079.0884299263378
4025,1079.0884299263378
4024,1079.210684575707
4023,1079.2645080471625
4022,1079.6189340199946
4021,1079.6402032578942
4020,1079.9797233243742
4019,1080.0021161168431
4018,1080.383919099748
4017,1080.383919099748
4016,1080.4953602664225
4015,1080.7014162951168
4014,1080.7014162951168
4013,1080.7014619737188
4012,1080.7334319892816
4011,1081.121067001607
4010,1081.4853202184397
4009,1081.5658266630128
4008,1081.5907791567552
4007,1082.1562571219526
4006,1082.16030210349
4005,1082.20070870165
4004,1082.4171513839283
4003,1082.4425165238629
4002,1082.4931605358877
4001,1082.6328381380492
4000,1082.6328381380492
3999,1082.6328381380492
3998,1082.7250698445393
3997,1082.7250698445393
3996,1082.7427959266931
3995,1083.2826585273283
3994,1083.4651831609185
3993,1083.6062188251176
3992,1083.8194736442285
3991,1084.1302084241654
3990,1084.449896369392
3989,1084.6032658035676
3988,1084.6262050698374
3987,1084.626663235676
3986,1084.626663235676
3985,1084.7354799192003
3984,1084.7354799192003
3983,1084.765352246462
3982,1084.8598486021117
3981,1085.1036842775525
3980,1085.2813153015225
3979,1085.4936554905787
3978,1086.1722726985831
3977,1086.176324959606
3976,1086.219724433887
3975,1086.219724433887
3974,1086.219724433887
3973,1086.3897355585411
3972,1086.4618088803536
3971,1086.4618088803536
3970,1086.4618088803536
3969,1086.6839305949989
3968,1086.9089244827856
3967,1086.9089244827856
3966,1087.0483252500073
3965,1087.0483252500073
3964,1087.0553659989125
3963,1087.089711363608
3962,1087.1127594556563
3961,1087.3831599561088
3960,1087.6621238020857
3959,1087.6621238020857
3958,1088.1745267503936
3957,1088.3958333153964
3956,1088.3972408957316
3955,1089.3727969785784
3954,1089.3860410589077
3953,1089.3860410589077
3952,1089.507583654076
3951,1089.5974881749237
3950,1089.7776674654697
3949,1090.0024488363356
3948,1090.009564751639
3947,1090.0282128091167
3946,1090.0282128091167
3945,1090.0304760253678
3944,1090.675391300729
3943,1090.692111785682
3942,1090.959879648922
3941,1091.3767244312614
3940,1091.5239979567273
3939,1091.5452470342923
3938,1091.7637264337548
3937,1092.4142019346077
3936,1092.5631998959766
3935,1092.5730761622028
3934,1092.8665544445937
3933,1092.8665544445937
3932,1092.8886580418584
3931,1093.1066366707155
3930,1093.3017343933684
3929,1093.3644497020844
3928,1093.5673602377221
3927,1093.5701909178679
3926,1093.8573952403633
3925,1093.9495851367658
3924,1093.9501481689
3923,1093.9729593834347
3922,1094.3628459018842
3921,1094.516205090985
3920,1094.8346160574074
3919,1095.289311727313
3918,1095.3392265808686
3917,1095.824250717126
3916,1095.84109221128
3915,1095.84109221128
3914,1096.1189321247723
3913,1096.1464697446747
3912,1096.3693929193776
3911,1096.4226666168684
3910,1096.4398841354218
3909,1096.4814071276112
3908,1096.4884164244015
3907,1096.8869963221953
3906,1096.9753902682266
3905,1096.9753902682266
3904,1097.4070041087464
3903,1097.505601983031
3902,1097.9939874991817
3901,1098.1832721550038
3900,1098.197663340367
3899,1098.431650917896
3898,1099.0180401206976
3897,1099.075959822013
3896,1099.2273881933866
3895,1099.4572962972259
3894,1099.5856902750052
3893,1099.6272100115543
3892,1099.86896401501
3891,1099.8775700562219
3890,1100.1853247784056
3889,1101.1017566870362
3888,1101.149487520011
3887,1101.256168833701
3886,1101.4187473626944
3885,1101.434155643063
3884,1101.4608709006263
3883,1101.8335923757365
3882,1101.8335923757365
3881,1102.0034342291565
3880,1102.0034342291565
3879,1102.3026908288882
3878,1102.3176844821521
3877,1102.3176844821521
3876,1102.572548406586
3875,1102.6138154575324
3874,1103.0953476024629
3873,1103.1827782204628
3872,1103.3628217273492
3871,1104.1705289876002
3870,1104.5148721999383
3869,1104.5148721999383
3868,1104.5148721999383
3867,1104.6702863357546
3866,1104.7393973281796
3865,1105.0206230132878
3864,1105.092725695908
3863,1105.2114440979383
3862,1105.2644234444563
3861,1105.4618306545635
3860,1105.4618306545635
3859,1105.7463957991577
3858,1106.086036654345
3857,1106.248469070466
3856,1106.328861594892
3855,1106.5196863800106
3854,1106.6309469183905
3853,1106.6328538025891
3852,1106.802425440983
3851,1106.9811342462067
3850,1108.1523703482342
3849,1108.2094698603428
3848,1108.6662029238107
3847,1108.7814827789707
3846,1108.8637679953151
3845,1109.2153262398474
3844,1109.2173052443945
3843,1109.3749901669003
3842,1109.3878984873102
3841,1109.4004253841304
3840,1109.5037197149527
3839,1109.6779124270097
3838,1109.718739291193
3837,1109.718739291193
3836,1109.9061579728877
3835,1109.9061579728877
3834,1110.259694477288
3833,1110.310785113806
3832,1110.358297843708
3831,1110.3678379504095
3830,1110.4458635975438
3829,1110.4458635975438
3828,1110.4662175225105
3827,1110.4662175225105
3826,1110.562690294515
3825,1110.5845988558963
3824,1110.8137715450496
3823,1110.8908904031439
3822,1110.9204288232086
3821,1111.0092037453505
3820,1111.0943340699894
3819,1111.1508673902174
3818,1111.5417120159402
3817,1111.556005983973
3816,1111.853996217385
3815,1111.9747822686152
3814,1112.5816958409366
3813,1112.6817391418292
3812,1112.7057859921413
3811,1113.208567145628
3810,1113.7745015256985
3809,1113.7745015256985
3808,1114.1726421526275
3807,1114.1726421526275
3806,1114.191104771248
3805,1114.2314165094924
3804,1114.240389632389
3803,1114.240389632389
3802,1114.4564469403902
3801,1114.4793114176587
3800,1114.8134540010954
3799,1114.8413615476745
3798,1115.214822442321
3797,1115.445636953005
3796,1115.445636953005
3795,1115.472603958694
3794,1115.472603958694
3793,1115.9743542484318
3792,1116.0031090618284
3791,1116.1427041823424
3790,1116.2255561022273
3789,1116.2503531718085
3788,1116.3790186187719
3787,1116.421307845015
3786,1116.558649436766
3785,1116.6176383156128
3784,1116.833205181036
3783,1117.0193008232102
3782,1117.0193008232102
3781,1117.0345305946084
3780,1117.1736460055877
3779,1117.1767044678206
3778,1117.5297528735698
3777,1117.7573428358576
3776,1117.9049254708345
3775,1117.9173638826164
3774,1117.9806480236946
3773,1117.9884407150453
3772,1118.3387809724163
3771,1118.3409622660026
3770,1118.3473169794988
3769,1118.4000633220055
3768,1118.4000633220055
3767,1118.4161874614986
3766,1118.4161874614986
3765,1118.4161874614986
3764,1118.7941970689562
3763,1118.9296373650327
3762,1119.3345596569789
3761,1119.3465840530564
3760,1119.3540293671847
3759,1119.4767149781412
3758,1119.53113103459
3757,1120.7610520886756
3756,1120.7610520886756
3755,1120.7916783119445
3754,1120.8877210310454
3753,1121.3699088172739
3752,1121.5681456707996
3751,1121.670828863966
3750,1121.6943822690175
3749,1121.9943418047444
3748,1122.3180257933739
3747,1122.3750057112993
3746,1122.3958869008916
3745,1122.959622243615
3744,1123.1953106859592
3743,1123.1953106859592
3742,1123.379874996382
3741,1123.379874996382
3740,1123.5040995494098
3739,1123.6635907190616
3738,1124.1656974091543
3737,1124.1656974091543
3736,1124.1656974091543
3735,1124.1656974091543
3734,1124.4582634289661
3733,1124.5806159171586
3732,1124.7188942343
3731,1124.7993095682677
3730,1126.013318300696
3729,1126.015883630595
3728,1126.0754125622898
3727,1126.2744621076465
3726,1126.4534540441005
3725,1126.4806496383126
3724,1126.5000980531477
3723,1126.5456782811552
3722,1126.6487949429295
3721,1126.657255464731
3720,1126.6807461743708
3719,1126.9967317358855
3718,1127.1007129170757
3717,1127.1047009610334
3716,1127.2331925138462
3715,1127.9259711392242
3714,1128.6627169834198
3713,1128.8598152537766
3712,1128.9726227599092
3711,1129.7355229550446
3710,1129.7355229550446
3709,1129.7355229550446
3708,1129.7355229550446
3707,1129.8144727382469
3706,1129.9157081983592
3705,1129.9316326645062
3704,1129.9721833674016
3703,1130.2814677028014
3702,1130.5757140519286
3701,1130.5799836710908
3700,1130.9683401319992
3699,1131.3148558437656
3698,1131.8058646339969
3697,1132.0658779945834
3696,1132.0799888602469
3695,1132.2795841880204
3694,1132.3293860956044
3693,1132.4951005700837
3692,1132.7555003859454
3691,1132.7618951804902
3690,1132.7879098847582
3689,1132.799369521737
3688,1132.799369521737
3687,1132.799369521737
3686,1132.8766867863487
3685,1132.8960156514224
3684,1133.3922672751771
3683,1133.8121644957116
3682,1133.8157747458174
3681,1134.232478499582
3680,1134.3293632339899
3679,1134.338196063072
3678,1134.338196063072
3677,1134.5071930834226
3676,1134.5071930834226
3675,1134.5071930834226
3674,1134.5448006975066
3673,1134.7976028899795
3672,1134.8598308835083
3671,1135.2160297307412
3670,1135.3801830873517
3669,1135.4152011200435
3668,1135.4199368095526
3667,1135.6057929862886
3666,1135.8324412626562
3665,1135.8745281590918
3664,1136.1675525111255
3663,1136.183707737991
3662,1136.183707737991
3661,1136.5587284159687
3660,1137.072024588241
3659,1137.4755360660176
3658,1137.4755360660176
3657,1137.4755360660176
3656,1137.6370182900328
3655,1138.3204536767666
3654,1138.3698703231678
3653,1138.473211885521
3652,1138.4909993445604
3651,1138.653527279213
3650,1138.7121597322184
3649,1138.788016599732
3648,1138.788016599732
3647,1138.8786806179592
3646,1138.9752988688506
3645,1139.0837726990198
3644,1139.2282814220634
3643,1139.2282814220634
3642,1139.3361335669194
3641,1139.35516264215
3640,1139.35516264215
3639,1139.4738820501727
3638,1139.4778873305445
3637,1139.6932160262186
3636,1139.9200207743932
3635,1139.9922778333969
3634,1140.6116125256656
3633,1140.6360485558437
3632,1140.6360485558437
3631,1140.6410533321612
3630,1140.6613554786704
3629,1140.6671366090518
3628,1141.0560273794265
3627,1141.1054874159695
3626,1141.115954632819
3625,1141.4631236901216
3624,1141.591317516988
3623,1141.596655222501
3622,1141.6108984040452
3621,1141.617419567736
3620,1141.617419567736
3619,1142.9668304131055
3618,1143.1104889903738
3617,1143.1131316396927
3616,1143.1546508748133
3615,1143.2148957724814
3614,1143.3641050435008
3613,1143.6106099985052
3612,1143.834717534256
3611,1144.2441631651643
3610,1144.4845277700406
3609,1144.819651320779
3608,1145.4006005301535
3607,1145.4473623871302
3606,1145.7155421249875
3605,1146.184057855115
3604,1146.2568714930342
3603,1146.293403898754
3602,1146.3094427260603
3601,1146.413243229928
3600,1146.7103112078735
3599,1146.9086209870413
3598,1147.0861525913251
3597,1147.0861525913251
3596,1147.2654922309896
3595,1147.2795679193566
3594,1147.3830193373644
3593,1147.3830193373644
3592,1148.4997847534326
3591,1149.0918256090386
3590,1149.0918256090386
3589,1149.5948797170006
3588,1150.5894296036067
3587,1151.2657833294722
3586,1151.359951074635
3585,1151.3780020666693
3584,1151.508140603393
3583,1151.508140603393
3582,1151.794844572275
3581,1151.9137377368904
3580,1152.1273259190993
3579,1152.4043055187753
3578,1152.573059717492
3577,1152.6113775777703
3576,1152.6255690007363
3575,1152.6892553488285
3574,1152.7173849465798
3573,1152.7749459618387
3572,1153.1639539106977
3571,1153.34643923864
3570,1153.34643923864
3569,1153.34643923864
3568,1153.3502735133507
3567,1153.5671608896694
3566,1153.8242005047086
3565,1154.0731503283614
3564,1154.1265786931874
3563,1154.2521962522717
3562,1154.2632204925344
3561,1154.2632204925344
3560,1154.2632204925344
3559,1154.4145802607816
3558,1154.5675576376289
3557,1154.5927647820733
3556,1154.7270555337564
3555,1154.7391522106916
3554,1154.7869287362757
3553,1154.8069555148618
3552,1154.8647684258733
3551,1155.1324895526832
3550,1155.7222328848882
3549,1155.7288512436419
3548,1155.9354959339437
3547,1156.113971662754
3546,1156.1876359772891
3545,1156.2745759923232
3544,1156.7393269256365
3543,1157.03154176966
3542,1157.163570147254
3541,1157.5174524538368
3540,1157.7769723511408
3539,1157.9505297704106
3538,1157.9505297704106
3537,1158.4451456586853
3536,1158.9079781537232
3535,1159.1384029862297
3534,1159.4092591335998
3533,1159.4092591335998
3532,1159.4092591335998
3531,1159.497168732115
3530,1159.5220374453188
3529,1159.6460992512689
3528,1159.6581322473332
3527,1159.6619741452096
3526,1159.8602835205857
3525,1160.1819897272292
3524,1160.1819897272292
3523,1160.9680416357678
3522,1161.6119635333587
3521,1161.7709460289207
3520,1161.8265246707042
3519,1162.8309030244923
3518,1162.8309030244923
3517,1162.8309030244923
3516,1162.89669358559
3515,1162.9143706095101
3514,1162.9570714490146
3513,1163.1225227528837
3512,1163.1812020830916
3511,1163.4073326178177
3510,1163.4073326178177
3509,1163.4073326178177
3508,1163.4446791947692
3507,1164.1911171834356
3506,1164.3136743962502
3505,1164.3979947343987
3504,1164.6257014760681
3503,1164.6257014760681
3502,1164.7304242437751
3501,1165.1410224312415
3500,1165.1410224312415
3499,1165.4415438590174
3498,1165.4776196485668
3497,1165.513930653933
3496,1165.6763823701333
3495,1165.6763823701333
3494,1165.6763823701333
3493,1165.693406752162
3492,1165.693406752162
3491,1165.7039605422158
3490,1165.7039605422158
3489,1165.7039605422158
3488,1165.9217625932558
3487,1166.1887754066472
3486,1166.9859671883705
3485,1166.9859671883705
3484,1166.990989000507
3483,1167.9130521736254
3482,1167.9139246029447
3481,1167.9301407640976
3480,1168.2360963391743
3479,1168.6194290714118
3478,1168.7859189940566
3477,1168.9948886651105
3476,1168.9948886651105
3475,1168.9948886651105
3474,1169.2841689051436
3473,1169.6024103741447
3472,1169.7323334732894
3471,1170.0550305624765
3470,1170.1008571044035
3469,1170.3016558269658
3468,1170.376638611167
3467,1170.6859059158862
3466,1170.6859059158862
3465,1170.6859059158862
3464,1170.7412497230025
3463,1170.792626085611
3462,1170.8855728855863
3461,1170.9397074259025
3460,1170.948338086988
3459,1170.964529012147
3458,1170.9783418636466
3457,1171.0193955568077
3456,1171.0376628808453
3455,1171.4021186463276
3454,1171.4021186463276
3453,1171.5153487095954
3452,1171.5385094140022
3451,1171.6260868809454
3450,1172.211973961822
3449,1172.3792746653467
3448,1172.7986133318489
3447,1172.7986133318489
3446,1173.0899660449065
3445,1173.617389810165
3444,1173.6860951927538
3443,1173.6860951927538
3442,1173.865476777927
3441,1174.0357281926183
3440,1174.0366900158967
3439,1174.0717166209733
3438,1174.255254516134
3437,1174.3910555199075
3436,1174.8211487948586
3435,1174.8291920714269
3434,1175.7057611051732
3433,1176.0217937742495
3432,1176.0217937742495
3431,1176.0301372140755
3430,1176.0400703382236
3429,1176.2570892884064
3428,1176.7997600980773
3427,1176.8216882623544
3426,1176.9884660469468
3425,1177.1797451719033
3424,1177.3001109925892
3423,1177.3296816708632
3422,1177.5051199373959
3421,1177.5338673330268
3420,1177.7648445946522
3419,1177.7919446954022
3418,1177.7919446954022
3417,1177.8173269724182
3416,1177.9304115517223
3415,1178.8936992043111
3414,1178.8998252824506
3413,1178.9405806037034
3412,1178.9405806037034
3411,1179.0618576179022
3410,1179.0870075848902
3409,1179.2365418168715
3408,1179.5997613962843
3407,1179.6667467125462
3406,1179.9206418041515
3405,1180.0886348084994
3404,1180.3002259698062
3403,1180.5817646457908
3402,1180.896219199616
3401,1180.9436981741965
3400,1181.34595546489
3399,1181.998070792189
3398,1182.00321576261
3397,1182.0033524771877
3396,1182.159689221461
3395,1182.4797428791253
3394,1182.5085115279403
3393,1182.7847618954781
3392,1182.8027270284967
3391,1183.523706522916
3390,1183.8348623157879
3389,1183.885514214928
3388,1184.2422558566798
3387,1184.2984092796248
3386,1184.6256381297676
3385,1184.6564553473468
3384,1184.6760163356582
3383,1184.754709042026
3382,1185.32401312931
3381,1185.32401312931
3380,1185.9610004252202
3379,1185.9610004252202
3378,1186.0394906213767
3377,1186.3348102676132
3376,1186.8654507380522
3375,1186.8654507380522
3374,1187.1768325497865
3373,1187.3024466215006
3372,1187.4791769320602
3371,1187.4832658357716
3370,1187.5657514891209
3369,1187.5657514891209
3368,1188.3340561153059
3367,1188.3340561153059
3366,1188.7180351216691
3365,1189.180790673759
3364,1189.2129552179888
3363,1189.5342831879739
3362,1189.5342831879739
3361,1189.7428427654015
3360,1190.142776718198
3359,1190.1820261129465
3358,1190.2112216855476
3357,1190.3269141944877
3356,1190.6085750862665
3355,1190.6085750862665
3354,1191.0274025984675
3353,1191.066732068638
3352,1191.1222968254506
3351,1191.1222968254506
3350,1191.1346009155134
3349,1191.433161802357
3348,1191.433161802357
3347,1191.433161802357
3346,1191.4340452592828
3345,1191.4857107075502
3344,1191.4896078953818
3343,1191.5085194686164
3342,1191.966214168578
3341,1192.2459380193993
3340,1192.7855384458887
3339,1192.9464750366
3338,1192.988255303517
3337,1193.1893820347163
3336,1193.3213430001686
3335,1193.3213430001686
3334,1193.3447811787748
3333,1193.4536243658579
3332,1193.507897154926
3331,1193.5416882704728
3330,1193.6249619075008
3329,1193.671958105895
3328,1193.8403238272454
3327,1193.8403238272454
3326,1194.0344820187474
3325,1194.2133572467671
3324,1194.2656242439946
3323,1194.2656242439946
3322,1194.4820616128036
3321,1194.8607307641237
3320,1194.9968830568776
3319,1194.997904046782
3318,1195.134070545366
3317,1195.1472148937444
3316,1195.3673926044435
3315,1195.4529392884433
3314,1195.4561918871066
3313,1195.4561918871066
3312,1195.4561918871066
3311,1195.4879887072834
3310,1196.3264678055507
3309,1196.3264678055507
3308,1196.3264678055507
3307,1196.5371159947613
3306,1196.553541498108
3305,1196.7600605544706
3304,1196.7909247571247
3303,1196.8334493543762
3302,1196.8937746785616
3301,1197.1881513805602
3300,1197.1970357200248
3299,1197.697447863733
3298,1197.712401000699
3297,1198.3499640248122
3296,1198.4375799070235
3295,1198.5155485209962
3294,1198.5219901855194
3293,1199.044426300647
3292,1199.1350077268626
3291,1199.2265952735079
3290,1199.247705662707
3289,1199.9970714096735
3288,1200.6074538436676
3287,1200.6570949390407
3286,1201.525613408129
3285,1201.5859154808616
3284,1202.142472661719
3283,1202.8410199416721
3282,1202.9215033176738
3281,1202.949427633102
3280,1202.9815419825195
3279,1203.0831085882428
3278,1203.2878098539995
3277,1203.5762735587427
3276,1204.0215089417113
3275,1204.1799068747869
3274,1204.2175516882546
3273,1204.2362533491007
3272,1204.701580350413
3271,1205.382840148521
3270,1205.590606028306
3269,1205.832595988138
3268,1206.107936629733
3267,1206.2707684903219
3266,1206.3569409226054
3265,1206.521103539536
3264,1206.6129523828095
3263,1206.8902074903374
3262,1207.41931726503
3261,1207.4265466078032
3260,1207.571461890019
3259,1207.6168601387633
3258,1208.3849933631398
3257,1208.3971545342338
3256,1208.6085709694894
3255,1208.7279971719397
3254,1209.0380548961102
3253,1209.3548048249095
3252,1209.361887370183
3251,1209.4759953031114
3250,1209.7426679627363
3249,1209.9796610086569
3248,1209.9796610086569
3247,1210.0149960329281
3246,1210.0149960329281
3245,1210.2602070495564
3244,1210.4046354236723
3243,1210.736948399536
3242,1210.7377121440156
3241,1210.7377121440156
3240,1210.7377121440156
3239,1210.7486770251069
3238,1210.7673352901215
3237,1211.3124604994073
3236,1211.3901331565153
3235,1211.5916146632119
3234,1212.1312566238619
3233,1212.1312566238619
3232,1212.3662499338277
3231,1212.3662499338277
3230,1212.4098348451816
3229,1212.4240414202905
3228,1212.4313203485247
3227,1212.4535187808954
3226,1213.0965849968982
3225,1213.3996925357153
3224,1213.4135100628787
3223,1213.5758591369722
3222,1213.5784084035224
3221,1213.5784084035224
3220,1213.9659727777182
3219,1214.0311096886014
3218,1214.148625903491
3217,1214.1946109336225
3216,1214.6170175369848
3215,1214.7753444573077
3214,1215.3800283459223
3213,1215.536040373194
3212,1215.536040373194
3211,1215.536040373194
3210,1215.5449670881933
3209,1215.5449754802712
3208,1215.8844185376831
3207,1216.0619985001097
3206,1216.2026743137178
3205,1216.3335573977804
3204,1216.7124458238939
3203,1217.114826552186
3202,1217.1682851455903
3201,1217.2895030453092
3200,1217.2895030453092
3199,1217.6444062491587
3198,1218.450971918479
3197,1218.5858823394694
3196,1218.632359928264
3195,1218.632359928264
3194,1219.2010714326145
3193,1219.3868106901402
3192,1219.4056647889097
3191,1219.4342273616833
3190,1219.8813806982164
3189,1219.910065652366
3188,1220.209819990586
3187,1220.2682899877698
3186,1220.3935597657735
3185,1220.4581198278893
3184,1220.6105517895637
3183,1220.7088911348726
3182,1220.7743576005228
3181,1220.8245520287817
3180,1220.893145713954
3179,1221.2729741232224
3178,1221.3195123329704
3177,1221.8530009282772
3176,1221.8750942260883
3175,1222.0304280069201
3174,1222.0494718257635
3173,1222.0494718257635
3172,1222.0641034582789
3171,1222.1391907601212
3170,1223.1301164637762
3169,1223.7540470423103
3168,1223.9786954928616
3167,1224.2644580840206
3166,1224.7511605154634
3165,1224.9198909170457
3164,1225.0069378744952
3163,1225.0254425124062
3162,1225.0254425124062
3161,1225.2985075439599
3160,1225.680416815438
3159,1226.2119308197675
3158,1226.4793081358346
3157,1226.4793081358346
3156,1226.5440656174383
3155,1226.763006091099
3154,1226.7779266430084
3153,1226.7913696420733
3152,1226.7913696420733
3151,1228.3354375474983
3150,1228.3354375474983
3149,1228.389191068424
3148,1228.9050826528476
3147,1228.9218910156703
3146,1229.284617788999
3145,1229.3108225249139
3144,1229.4579520859445
3143,1229.4579520859445
3142,1230.0111726118046
3141,1230.0364504243312
3140,1230.1050024218323
3139,1230.1335159915195
3138,1230.1369052812863
3137,1230.9430615297722
3136,1230.9430615297722
3135,1231.7760694812248
3134,1231.7760694812248
3133,1231.7819557741511
3132,1232.5760501723958
3131,1232.7595704803823
3130,1232.9348186676566
3129,1233.1475239313024
3128,1233.3148664709774
3127,1233.406469632546
3126,1233.6233298589982
3125,1234.1768596283916
3124,1234.4150364030272
3123,1234.939822551104
3122,1235.899604066796
3121,1235.9116576191516
3120,1236.0456473892502
3119,1236.2426319170645
3118,1236.316417926061
3117,1236.7747417758665
3116,1236.7958047033017
3115,1237.001621489161
3114,1237.1364771104031
3113,1237.1559953734811
3112,1237.1559953734811
3111,1237.1966084949438
3110,1237.323170840233
3109,1237.3426907586809
3108,1237.3426907586809
3107,1237.5101582682742
3106,1237.7657061222812
3105,1238.2802094902345
3104,1238.5660891474577
3103,1238.5728129079962
3102,1240.3301093528273
3101,1240.5788477352132
3100,1240.6192492345465
3099,1240.834262410837
3098,1241.3165539418312
3097,1241.641460962842
3096,1241.8981423773555
3095,1241.8981423773555
3094,1242.0074343637589
3093,1242.0795583567908
3092,1242.0795583567908
3091,1242.0869795353303
3090,1242.0869795353303
3089,1242.2952461890652
3088,1242.4433984925297
3087,1242.6550689179408
3086,1242.6550689179408
3085,1242.8171880061907
3084,1242.8388661198533
3083,1242.8388661198533
3082,1242.903854783984
3081,1242.9866942713106
3080,1244.388269381499
3079,1244.535932242895
3078,1244.538383867074
3077,1245.0066612773335
3076,1245.379640163354
3075,1246.2635545599683
3074,1247.872775538165
3073,1247.9032055061593
3072,1248.422059095889
3071,1248.6538972305932
3070,1249.3038158376942
3069,1249.4067115282307
3068,1250.069574292587
3067,1250.3720435482242
3066,1250.5520530886656
3065,1250.7791181876344
3064,1250.7791181876344
3063,1250.9541420021917
3062,1251.2075088044453
3061,1251.5934127560208
3060,1251.8424378917746
3059,1251.872381753234
3058,1251.920508685477
3057,1252.6858809140422
3056,1252.7571557948634
3055,1252.8744955848922
3054,1252.8744955848922
3053,1253.1948262706794
3052,1253.235158380527
3051,1253.235158380527
3050,1253.2500854748046
3049,1253.677233448086
3048,1253.7395296013492
3047,1254.5316541987809
3046,1254.5316541987809
3045,1255.6849529690774
3044,1255.7116843550677
3043,1255.7513752083262
3042,1255.9746254101503
3041,1256.11530810664
3040,1256.11530810664
3039,1256.1353225015532
3038,1257.1218997696512
3037,1257.1701530346768
3036,1257.1701530346768
3035,1257.262905949393
3034,1257.262905949393
3033,1257.2803219190384
3032,1257.46190163818
3031,1257.567813270523
3030,1257.567813270523
3029,1257.750539742807
3028,1258.1961566856737
3027,1258.1991467926048
3026,1258.2771738192778
3025,1259.066213435045
3024,1260.7849930021355
3023,1261.092769163169
3022,1262.1601505588194
3021,1262.4979037386386
3020,1262.4979037386386
3019,1262.5140302546893
3018,1262.5140302546893
3017,1262.6886776884182
3016,1262.7748039746002
3015,1262.816204669204
3014,1262.816204669204
3013,1262.8523933973433
3012,1262.8523933973433
3011,1262.9609059886363
3010,1263.2070910260657
3009,1263.595142395557
3008,1264.0083013925685
3007,1264.1746551855144
3006,1264.4047998658696
3005,1264.824761569124
3004,1264.9226413320278
3003,1265.1436522689455
3002,1265.1508553933718
3001,1266.1359279168173
3000,1266.21537273814
2999,1266.3058417110442
2998,1266.3133570218802
2997,1266.3310968921467
2996,1266.3347563294878
2995,1266.3347563294878
2994,1267.6788753401147
2993,1267.9562556398043
2992,1268.3137296537236
2991,1268.3137296537236
2990,1268.31896018156
2989,1268.3377772547972
2988,1268.568499352117
2987,1268.568499352117
2986,1268.5877130704096
2985,1268.6073044751902
2984,1268.7855568078592
2983,1268.7855568078592
2982,1268.821121973001
2981,1268.8267784623658
2980,1268.8914328817593
2979,1269.2842666623187
2978,1269.2902263672665
2977,1269.373235967704
2976,1269.5585626138045
2975,1269.6911681770405
2974,1270.0725332043357
2973,1270.0725332043357
2972,1270.1896518746798
2971,1270.385700020865
2970,1270.385700020865
2969,1270.385700020865
2968,1271.4910717372388
2967,1271.5156733045098
2966,1271.719796453455
2965,1271.7273692703357
2964,1271.897430895743
2963,1271.9299321235553
2962,1272.0805442447786
2961,1272.2685611998038
2960,1272.407291050609
2959,1272.4165104729288
2958,1272.456661625969
2957,1273.3004180014123
2956,1273.326708069149
2955,1273.573896263961
2954,1273.9693888013828
2953,1273.9869277041485
2952,1274.0526692491273
2951,1274.0526692491273
2950,1274.35757947153
2949,1274.5657200229673
2948,1274.6868628728896
2947,1275.249185697652
2946,1275.8046588177876
2945,1276.3580112646578
2944,1276.3840464149625
2943,1276.3840464149625
2942,1276.6123722398565
2941,1277.580774294416
2940,1277.586840157002
2939,1277.8180676603456
2938,1277.8219823358008
2937,1278.1039203479154
2936,1278.1501198693188
2935,1278.180530116113
2934,1278.2570592023806
2933,1278.8117816952838
2932,1279.7222411296304
2931,1280.2299115096841
2930,1280.254906125827
2929,1280.3764194924781
2928,1280.3986426229337
2927,1280.5138668600948
2926,1280.734934329179
2925,1281.0429104198088
2924,1281.1194230151468
2923,1281.1194230151468
2922,1281.1314799292875
2921,1281.332784749501
2920,1281.332784749501
2919,1281.702890331001
2918,1281.7230653108397
2917,1281.9819069241717
2916,1281.9859857985189
2915,1282.575380195972
2914,1282.586205960989
2913,1282.9947168170143
2912,1283.4875282780552
2911,1283.9328941212182
2910,1283.9328941212182
2909,1284.254314092657
2908,1284.254314092657
2907,1284.2583545095777
2906,1284.5126719272685
2905,1284.7738368652654
2904,1285.2112400556025
2903,1286.6481445125703
2902,1286.6554218698525
2901,1286.657522314801
2900,1287.202527723929
2899,1287.227638334457
2898,1287.3204032442316
2897,1289.770415903681
2896,1290.6953715623015
2895,1291.2078534612674
2894,1291.4703789447894
2893,1291.7669610119938
2892,1291.8820073523102
2891,1291.9221707982206
2890,1292.2206819190199
2889,1292.2786338296319
2888,1292.2786338296319
2887,1292.3689305997639
2886,1292.546973476902
2885,1292.6571881790508
2884,1292.8130466490968
2883,1293.3106067711321
2882,1293.5998122025055
2881,1293.8119366167978
2880,1293.8119366167978
2879,1293.88203333026
2878,1294.0900848346776
2877,1294.4744075011645
2876,1294.4744075011645
2875,1294.6548589102742
2874,1295.6497756096835
2873,1295.9189057777687
2872,1296.1239202197958
2871,1296.455256624989
2870,1296.476828011504
2869,1297.136242338823
2868,1297.2708787518325
2867,1297.8023790368068
2866,1298.44025022156
2865,1298.44025022156
2864,1298.44025022156
2863,1298.6188315186916
2862,1299.0135066305493
2861,1299.1192244752112
2860,1299.1192244752112
2859,1299.1363489696378
2858,1299.160616321766
2857,1299.7660981771664
2856,1300.0752138992336
2855,1300.0752138992336
2854,1300.159919504539
2853,1300.2452323920415
2852,1300.6332670257636
2851,1300.9923365835652
2850,1301.0339359957559
2849,1301.5123337467307
2848,1301.8841446744739
2847,1302.1641034788154
2846,1302.358738267269
2845,1302.4954131902325
2844,1303.0851516267542
2843,1303.1093945175367
2842,1304.0995824330264
2841,1304.5619874255008
2840,1304.8807958616476
2839,1305.6667854993493
2838,1305.8966785657205
2837,1305.9115512792675
2836,1306.4084985977718
2835,1306.60963828561
2834,1306.780566555089
2833,1307.186501151057
2832,1308.8142220492018
2831,1308.967162725589
2830,1309.0594751778963
2829,1309.1381013295452
2828,1309.7555631992368
2827,1309.7555631992368
2826,1309.7586491380116
2825,1309.759586597435
2824,1309.759586597435
2823,1309.9247034805803
2822,1310.1244505016375
2821,1310.1414324812272
2820,1310.747426111959
2819,1311.5727101591108
2818,1312.5155026955463
2817,1312.537138210735
2816,1313.1115445679222
2815,1313.671364307249
2814,1313.930309867797
2813,1314.4380003949243
2812,1314.4597717183703
2811,1315.0974815730915
2810,1315.4999609486256
2809,1316.246784302586
2808,1316.2480118347048
2807,1316.2636235493633
2806,1316.8797456775308
2805,1316.9130986927264
2804,1316.9130986927264
2803,1316.9726307290864
2802,1318.2571264185506
2801,1318.2571264185506
2800,1318.3817351568114
2799,1318.3817351568114
2798,1318.4930074165036
2797,1319.322506637795
2796,1319.9516423843386
2795,1321.4344544909607
2794,1322.2968330226386
2793,1322.6124508598236
2792,1323.330831599092
2791,1323.6289752966554
2790,1323.6983610296395
2789,1324.3835628868837
2788,1324.989253426537
2787,1325.2142590361027
2786,1325.2142590361027
2785,1326.0651087114254
2784,1326.4065171242232
2783,1327.2998827047697
2782,1327.3137339666991
2781,1328.3498246069032
2780,1328.3498246069032
2779,1329.2056001678372
2778,1329.2056001678372
2777,1329.5381155513733
2776,1329.6856474837068
2775,1329.7216954431449
2774,1329.7216954431449
2773,1329.8328009100735
2772,1330.349175938173
2771,1330.349175938173
2770,1331.2630363870683
2769,1331.53053451086
2768,1331.8511223115254
2767,1331.8511223115254
2766,1331.999720095822
2765,1332.1128595292003
2764,1332.1841146604922
2763,1332.7652479556332
2762,1333.8781992546744
2761,1334.1826225611237
2760,1334.2163146794005
2759,1334.4334907884815
2758,1334.4334907884815
2757,1334.529355385342
2756,1334.7182474428091
2755,1335.7156715188967
2754,1335.7156715188967
2753,1335.9145221774295
2752,1336.2086992130737
2751,1336.7963487171362
2750,1338.0920707773303
2749,1338.0920707773303
2748,1338.6068835693186
2747,1338.7883899786766
2746,1338.808900118922
2745,1338.8871635186035
2744,1338.9276115442847
2743,1339.4418001950617
2742,1339.444209068193
2741,1340.2089725953624
2740,1340.3220667073256
2739,1341.1047424283995
2738,1341.278553820397
2737,1341.479107408541
2736,1341.479107408541
2735,1341.728550680283
2734,1341.9744016489487
2733,1342.2420618849142
2732,1343.528335352085
2731,1343.6648432783588
2730,1343.6648432783588
2729,1344.3785908186405
2728,1345.134010525035
2727,1345.541130504692
2726,1345.6227023355082
2725,1346.6263161371523
2724,1346.6408728864392
2723,1346.8742506054632
2722,1347.0236465349647
2721,1347.3724305807493
2720,1347.4341700552018
2719,1347.5497153010888
2718,1347.5572791093855
2717,1347.8870091796816
2716,1347.966907626292
2715,1349.4678861934465
2714,1350.6334203536999
2713,1350.762787231037
2712,1350.7773288185276
2711,1351.2610829131445
2710,1351.3617678675228
2709,1351.3623801904434
2708,1351.3623801904434
2707,1351.373858700435
2706,1351.373858700435
2705,1351.7462950820325
2704,1351.946432239474
2703,1351.9748176700737
2702,1352.038041683375
2701,1352.9358687591798
2700,1353.2075104870914
2699,1353.2247800478442
2698,1353.3267004518946
2697,1353.4340220072002
2696,1353.4842211773064
2695,1353.6125106623329
2694,1353.8662963484926
2693,1354.8420933456161
2692,1355.1080033010835
2691,1355.478905962081
2690,1356.566588801181
2689,1357.2167761194034
2688,1357.2167761194034
2687,1357.2464707918487
2686,1357.3467865680545
2685,1357.524868317702
2684,1357.6119350958504
2683,1358.3191627722542
2682,1358.4073542460462
2681,1358.449098649247
2680,1358.5720415931512
2679,1358.5720415931512
2678,1358.8510506680332
2677,1359.4478086651518
2676,1359.4746125651943
2675,1359.8232208723753
2674,1359.8975252787707
2673,1359.947903553759
2672,1359.9531432488095
2671,1360.0506497550014
2670,1360.0506497550014
2669,1360.2583535099295
2668,1360.6685755596022
2667,1360.7469696027472
2666,1360.9967580924242
2665,1361.2644036449562
2664,1361.2644036449562
2663,1361.2796926504316
2662,1361.3733530401187
2661,1362.2631817267766
2660,1362.2954226321535
2659,1362.5992157948833
2658,1363.5138743306027
2657,1364.6530490655878
2656,1364.8879126871543
2655,1364.8879126871543
2654,1365.1469980009367
2653,1365.712030560804
2652,1365.8349744248114
2651,1366.0575628846414
2650,1366.2560510479752
2649,1366.3311746079346
2648,1366.924863521215
2647,1367.4914531596066
2646,1367.732201484631
2645,1367.7590238842097
2644,1367.9551004503264
2643,1368.8032257234236
2642,1368.8854940758872
2641,1369.0462758994504
2640,1369.0462758994504
2639,1369.2640324392785
2638,1370.018256003525
2637,1370.081917684343
2636,1370.7974391852981
2635,1370.914677011475
2634,1371.7443048458592
2633,1372.3619686603083
2632,1372.7764671906652
2631,1373.4503169026789
2630,1373.4962435304165
2629,1374.527134227111
2628,1374.8823320932547
2627,1375.113039917672
2626,1375.5799809980526
2625,1375.8951551000223
2624,1376.7897695539223
2623,1376.8286829694102
2622,1377.2233484449573
2621,1377.8711596663036
2620,1377.9064414081286
2619,1377.9958515084397
2618,1378.3348152346528
2617,1378.5459523936183
2616,1378.6301367515612
2615,1379.892069639237
2614,1379.9651099727348
2613,1380.2368266656893
2612,1380.2607548038427
2611,1381.1578082284877
2610,1381.6350708184982
2609,1381.7589435667214
2608,1382.2495053915
2607,1382.4620242283552
2606,1382.5439288834193
2605,1382.6259646052579
2604,1382.6791883857463
2603,1382.9328096897286
2602,1382.9328096897286
2601,1382.9328096897286
2600,1383.3033438927862
2599,1385.232909570742
2598,1385.259261374211
2597,1385.5761437636806
2596,1385.94042909941
2595,1385.9495475722626
2594,1386.3486613734685
2593,1386.7463355076757
2592,1387.270079400215
2591,1387.270079400215
2590,1387.4198583845184
2589,1387.4198583845184
2588,1387.550118478289
2587,1387.550118478289
2586,1387.9184620929434
2585,1388.0336519992582
2584,1388.323580600403
2583,1388.4407967305503
2582,1388.7150648582808
2581,1388.7435668198475
2580,1388.8180284843686
2579,1389.1469090373214
2578,1389.4018621278296
2577,1389.4374074128114
2576,1389.5260223844355
2575,1389.9412697020869
2574,1389.9466578508936
2573,1390.8412311000818
2572,1390.8412311000818
2571,1390.8412311000818
2570,1391.1828772872022
2569,1392.455926883943
2568,1392.455926883943
2567,1393.506359491962
2566,1394.0188128946215
2565,1394.0441277178352
2564,1395.7368902969554
2563,1395.773477419477
2562,1395.8989048407595
2561,1395.9751857550475
2560,1396.4276044254152
2559,1396.4280387154454
2558,1396.6567110609783
2557,1397.1573577239235
2556,1397.3817632254695
2555,1397.5842179110157
2554,1397.5996414097388
2553,1397.5996414097388
2552,1397.940847418103
2551,1397.9426753296837
2550,1398.1376883633434
2549,1398.1394809111782
2548,1398.3402017285132
2547,1399.180674174193
2546,1399.7529933005453
2545,1401.223642724519
2544,1401.5881307396687
2543,1401.794784859353
2542,1402.1860920608392
2541,1402.2915978564404
2540,1402.2915978564404
2539,1402.8347565948084
2538,1403.3153062831989
2537,1403.343146334296
2536,1403.343146334296
2535,1403.343146334296
2534,1403.4207074788899
2533,1403.5290128125405
2532,1405.1857023430973
2531,1405.2619148989475
2530,1405.2646211790516
2529,1405.8771524735998
2528,1405.8882269538358
2527,1406.9288226599895
2526,1406.9310194358197
2525,1406.9310194358197
2524,1407.6629802023124
2523,1407.8348463823177
2522,1408.4778503293787
2521,1408.5291787264216
2520,1409.7220428923492
2519,1411.0495579207957
2518,1411.2272517237707
2517,1411.450821191708
2516,1411.450821191708
2515,1411.894574041563
2514,1412.893629864908
2513,1413.44018430905
2512,1413.666297958527
2511,1413.9180926949098
2510,1414.1352133322264
2509,1414.1352133322264
2508,1414.1382860415063
2507,1414.1397826650573
2506,1414.2420041675014
2505,1414.2420041675014
2504,1414.3826738072855
2503,1414.3826738072855
2502,1414.514775058925
2501,1414.514775058925
2500,1414.514775058925
2499,1414.9130221552846
2498,1414.9130221552846
2497,1415.1464461111682
2496,1415.5565542565287
2495,1415.8217457799822
2494,1416.303196599977
2493,1416.34630714088
2492,1416.4840207846323
2491,1417.7045026884257
2490,1417.8990075216805
2489,1418.0616048642744
2488,1418.2117148524123
2487,1418.3796753345466
2486,1418.414789206983
2485,1419.213088669252
2484,1419.903943980285
2483,1420.7916502664102
2482,1420.8059577605934
2481,1420.9387479483828
2480,1421.0302428155221
2479,1421.3150551438803
2478,1421.5972818770408
2477,1421.6580255135334
2476,1421.7260180870323
2475,1421.7260180870323
2474,1421.7651009822048
2473,1421.8139632526895
2472,1421.8156075312343
2471,1421.8156075312343
2470,1421.878246314331
2469,1422.2658447918552
2468,1422.8029875270454
2467,1424.5247220320873
2466,1424.5337668039056
2465,1424.5337668039056
2464,1425.1245048581607
2463,1425.7473374624367
2462,1425.7473374624367
2461,1425.7741204018212
2460,1426.1006093747806
2459,1427.5482383220956
2458,1429.1075404826295
2457,1429.5417840761552
2456,1429.5634328430772
2455,1429.8643355800516
2454,1429.9824789942336
2453,1430.2956189347854
2452,1430.6693237334223
2451,1430.7563761182541
2450,1430.7879182648073
2449,1431.041765066433
2448,1431.041765066433
2447,1431.3145421482984
2446,1431.6021678744787
2445,1431.6141818175868
2444,1431.7039995668056
2443,1433.2435462265364
2442,1433.6907056033765
2441,1433.7701968971633
2440,1433.7884350203751
2439,1433.7884350203751
2438,1433.8306076346917
2437,1434.3825423824003
2436,1435.6968495914114
2435,1436.4494879714346
2434,1436.4494879714346
2433,1437.1231540067668
2432,1437.1716824838184
2431,1437.1745181609888
2430,1437.2666085196024
2429,1437.4114833052174
2428,1437.7185015433486
2427,1437.7526490116857
2426,1438.252807882208
2425,1438.3111466293426
2424,1439.1903886752164
2423,1439.8072698742296
2422,1442.1638057881394
2421,1442.4098070040313
2420,1442.5449967705597
2419,1443.2921614292277
2418,1444.3453959207566
2417,1444.3453959207566
2416,1445.4175119284891
2415,1445.6455251713026
2414,1445.7875998708114
2413,1446.559751952362
2412,1446.7867501569272
2411,1446.8651816084455
2410,1446.9094021734602
2409,1447.7795188785205
2408,1448.800032959228
2407,1448.9134539269835
2406,1449.7037870295264
2405,1449.887377389343
2404,1450.2130356102568
2403,1450.2325518678251
2402,1450.26944740166
2401,1450.5350956433372
2400,1450.7635624280833
2399,1451.4367895993305
2398,1451.5355073417675
2397,1452.1724140493616
2396,1452.1724140493616
2395,1453.0326685670434
2394,1453.0370724679428
2393,1453.1858798389762
2392,1453.254906684157
2391,1453.5984557105473
2390,1453.6914606834273
2389,1453.7372890633437
2388,1453.8312288161815
2387,1455.073845689404
2386,1456.625129343288
2385,1456.8622525803007
2384,1456.974568106002
2383,1457.0244303175466
2382,1457.5305492216285
2381,1457.6554390263013
2380,1458.6324562508798
2379,1458.994576387044
2378,1459.970860619963
2377,1460.341613503666
2376,1460.4486728154325
2375,1462.6013251128384
2374,1462.8055238435902
2373,1462.8055238435902
2372,1463.5450927304003
2371,1464.4576838608
2370,1464.4673356876572
2369,1465.5311370048817
2368,1465.79054184729
2367,1466.034864101099
2366,1467.0892926692668
2365,1467.1053627969177
2364,1467.1219099045763
2363,1469.473731892195
2362,1469.473731892195
2361,1469.685914788044
2360,1470.3159030733138
2359,1470.3765856499197
2358,1470.4548996196152
2357,1470.4548996196152
2356,1470.9685543718183
2355,1471.0497398712614
2354,1473.1079341141017
2353,1474.3990142660687
2352,1474.401514216605
2351,1474.646089685069
2350,1474.6677552760261
2349,1474.8016745873888
2348,1474.9590388767315
2347,1475.1167973674906
2346,1475.5641510077096
2345,1476.90107086206
2344,1477.7676888997394
2343,1477.8385553016237
2342,1478.0961459958148
2341,1478.986340435419
2340,1479.234774112967
2339,1479.234774112967
2338,1479.2466659467325
2337,1479.3175726161817
2336,1479.335768383014
2335,1480.320529258378
2334,1483.559000284731
2333,1485.3646955730171
2332,1485.7958292887877
2331,1486.5500170403286
2330,1486.571833775604
2329,1486.5811745288422
2328,1486.6683237661796
2327,1486.7643820417456
2326,1487.7681068164181
2325,1488.1965173647911
2324,1488.925390747688
2323,1489.001156496911
2322,1490.8705092383082
2321,1491.129455282569
2320,1491.3188710745953
2319,1491.6834077423132
2318,1491.9285288056697
2317,1492.4121274040733
2316,1492.642670484861
2315,1492.6696706079788
2314,1494.7775336244958
2313,1495.2128575946917
2312,1495.5792315380622
2311,1496.0812828361854
2310,1496.8839700661688
2309,1497.4422018108005
2308,1497.4910789974479
2307,1497.4910789974479
2306,1498.0871233418627
2305,1498.361339769164
2304,1498.907633198941
2303,1498.9210670027403
2302,1499.0893430580102
2301,1499.09660877372
2300,1499.149900357539
2299,1499.5741847813135
2298,1499.5741847813135
2297,1500.3370883889572
2296,1500.9781082137372
2295,1500.9781082137372
2294,1501.5709578840156
2293,1502.1465932765177
2292,1502.3821562305388
2291,1502.72201803435
2290,1504.275982051346
2289,1505.5942653674592
2288,1505.7544715885017
2287,1506.3719592011487
2286,1506.7231971029412
2285,1507.15448725598
2284,1507.3282994974845
2283,1507.3295061257002
2282,1507.3295061257002
2281,1507.978924446128
2280,1508.017160383139
2279,1508.4213449748322
2278,1508.6890465579502
2277,1509.26943482414
2276,1509.3545619339004
2275,1510.032809829507
2274,1511.4685844337657
2273,1511.7363387430757
2272,1511.7363387430757
2271,1511.7750835428892
2270,1512.9249599023806
2269,1513.0483707198455
2268,1514.1937474134327
2267,1514.8761412661115
2266,1515.1494501972877
2265,1515.2798192247678
2264,1515.7257986537409
2263,1515.733681103617
2262,1516.4447534229867
2261,1516.4447534229867
2260,1517.197738311745
2259,1517.9330380622841
2258,1519.3342161259463
2257,1519.4620494112219
2256,1519.8932784557878
2255,1519.897572266893
2254,1520.3756768947737
2253,1521.2832524295738
2252,1522.2269628918934
2251,1522.2269628918934
2250,1523.1230364370283
2249,1523.9303897307384
2248,1526.328865162154
2247,1526.4056687240356
2246,1526.7714719719488
2245,1527.7842920421233
2244,1527.9000676196672
2243,1528.027377936654
2242,1528.2358980914923
2241,1528.7180001654485
2240,1530.6139453333064
2239,1531.6828241056655
2238,1531.6828241056655
2237,1531.6828241056655
2236,1531.6828241056655
2235,1531.9286901621947
2234,1532.6538470383575
2233,1532.7560102391387
2232,1533.3682893699151
2231,1533.6497132921065
2230,1533.7183722757118
2229,1534.4545095632457
2228,1534.702671670206
2227,1534.7499693716904
2226,1536.5726961369674
2225,1536.939096226425
2224,1537.2669862465848
2223,1537.761386608872
2222,1538.2982655369492
2221,1538.8210463028847
2220,1538.8210463028847
2219,1539.3599494492944
2218,1539.5592413103961
2217,1539.775972522462
2216,1542.7085044819878
2215,1542.742124545919
2214,1543.2053273159
2213,1544.0998434052033
2212,1544.427474655101
2211,1544.6952335022008
2210,1544.8826594233146
2209,1544.8826594233146
2208,1545.3907989218476
2207,1546.0069898913237
2206,1546.2938127953933
2205,1546.5784592920413
2204,1546.6530216441108
2203,1546.6530216441108
2202,1547.8123449576078
2201,1548.5264672321666
2200,1548.5264672321666
2199,1548.7953942386216
2198,1548.852446953751
2197,1548.870080914895
2196,1548.9049562677305
2195,1549.17056086668
2194,1549.5626274592596
2193,1550.049534793945
2192,1550.1402190926156
2191,1550.4871635329832
2190,1550.8929471291653
2189,1550.8961319990121
2188,1551.0266911068068
2187,1551.1505773642184
2186,1551.7896166511825
2185,1551.874322004396
2184,1551.874322004396
2183,1552.0478587480773
2182,1554.8335365970104
2181,1554.8998562709073
2180,1555.171194916582
2179,1556.1456999284383
2178,1556.4462692966504
2177,1556.5815249128693
2176,1556.6654027178151
2175,1556.82677033402
2174,1556.8937596699818
2173,1557.4614683022992
2172,1557.4647740907258
2171,1558.0917467731772
2170,1558.3388652983037
2169,1558.6572162032885
2168,1559.8543797033055
2167,1560.006452981706
2166,1561.0128782607828
2165,1561.6214173035223
2164,1561.6214173035223
2163,1561.6929022592992
2162,1562.4266335393893
2161,1562.4266335393893
2160,1562.5552453990374
2159,1562.7360589654818
2158,1564.2486994249864
2157,1564.3572163016092
2156,1565.561921641683
2155,1567.387100803642
2154,1567.955280180058
2153,1568.2520206498327
2152,1568.822783489914
2151,1568.8670119132626
2150,1568.9155635963489
2149,1570.0914100964974
2148,1573.2488721507214
2147,1573.3838601555715
2146,1573.9666358053096
2145,1574.0092273074067
2144,1575.0698521664015
2143,1575.5049108515038
2142,1575.768672716217
2141,1576.2140888380145
2140,1576.2727511803698
2139,1576.2958187015865
2138,1576.59419013502
2137,1576.5962490958239
2136,1576.5969860728449
2135,1576.9027972084707
2134,1579.4237518913988
2133,1579.428628562227
2132,1579.9024348120226
2131,1579.9024348120226
2130,1579.9729950838127
2129,1580.908621168262
2128,1580.933284544217
2127,1580.9780430147127
2126,1581.2056624514878
2125,1581.5712584952787
2124,1584.3780561366475
2123,1584.9948438782924
2122,1587.2808646015528
2121,1587.39501508023
2120,1588.3295342351691
2119,1588.3653976138587
2118,1588.3653976138587
2117,1588.8834557203766
2116,1589.0580335717834
2115,1589.1086788618031
2114,1589.1587923138145
2113,1589.4441362125579
2112,1589.9957445300274
2111,1591.3357471811041
2110,1591.467983286677
2109,1591.6463238190765
2108,1592.5998764160938
2107,1592.7348567173751
2106,1592.7348567173751
2105,1594.592376660581
2104,1594.9385063700108
2103,1595.905389396468
2102,1599.1473760700453
2101,1600.2983329310982
2100,1600.7723554158395
2099,1601.2148042366357
2098,1601.2148042366357
2097,1601.2148042366357
2096,1601.8066528282982
2095,1602.7674957949494
2094,1602.8278391184808
2093,1602.9170111550052
2092,1604.8865650457913
2091,1605.7036751435853
2090,1605.9811633235927
2089,1607.1217094833069
2088,1607.3298126314885
2087,1607.554439824752
2086,1607.6492267798146
2085,1608.159457501914
2084,1610.2171274343602
2083,1610.4173646169186
2082,1611.2016316519973
2081,1611.3151380885229
2080,1611.3500710839094
2079,1611.4887185289801
2078,1611.7014396398058
2077,1611.7014396398058
2076,1611.7637990909568
2075,1611.883862957459
2074,1612.1854228806392
2073,1612.68055440235
2072,1613.3402809880265
2071,1613.35123038667
2070,1613.3653893042883
2069,1613.6503183823897
2068,1615.0325044358226
2067,1615.7929485740246
2066,1616.754511776319
2065,1616.754511776319
2064,1616.981663770238
2063,1617.4334285762855
2062,1617.966963952609
2061,1617.966963952609
2060,1618.1076691411406
2059,1618.1589686636094
2058,1618.1589686636094
2057,1618.2324653697374
2056,1620.7181248800648
2055,1621.3318630912866
2054,1621.9997706192619
2053,1622.2555719435136
2052,1622.2555719435136
2051,1622.5875744472946
2050,1622.8176112979388
2049,1623.0438955642182
2048,1623.949862837535
2047,1624.278814224608
2046,1625.6548233656329
2045,1626.5420228096077
2044,1626.5420228096077
2043,1626.5461288462363
2042,1626.9455130510594
2041,1627.8647105212535
2040,1628.3198190567964
2039,1628.6852723070647
2038,1628.685817683139
2037,1630.4841449862688
2036,1631.386040876622
2035,1631.473926084124
2034,1632.5477275111407
2033,1633.1365227755414
2032,1633.6850923497639
2031,1634.0074340105862
2030,1634.4080277591315
2029,1635.1873254767024
2028,1635.3127456295504
2027,1638.7565728121137
2026,1638.8251972389194
2025,1639.8573974642015
2024,1639.880979649586
2023,1640.4471700779463
2022,1640.4471700779463
2021,1642.1530049711812
2020,1642.430294051848
2019,1642.9479113732273
2018,1643.2426945326295
2017,1644.2202177797592
2016,1644.2531325745879
2015,1644.8222975904519
2014,1644.8222975904519
2013,1644.8243098363462
2012,1644.830268481633
2011,1645.8674893277807
2010,1646.0409662698657
2009,1646.750567520611
2008,1647.198038534614
2007,1647.6146744539808
2006,1649.3450012496662
2005,1649.6075216327986
2004,1650.371156253972
2003,1650.590939989617
2002,1650.7045902973148
2001,1650.7045902973148
2000,1651.6915357243124
1999,1651.6959135796383
1998,1651.8891837550173
1997,1652.7634615347743
1996,1653.5413769985619
1995,1654.170783379759
1994,1654.170783379759
1993,1654.5646360829298
1992,1655.4196715139237
1991,1655.893624533496
1990,1656.8030928728035
1989,1656.9126497687341
1988,1658.0278407067467
1987,1658.1328643358838
1986,1658.2273166715186
1985,1661.5173333851935
1984,1662.0513551318488
1983,1662.2280195038888
1982,1662.2280195038888
1981,1662.254022826174
1980,1663.111139627925
1979,1663.397222584394
1978,1665.549000289278
1977,1670.6912452671945
1976,1670.7915120933767
1975,1671.939860719217
1974,1672.0841520013876
1973,1672.0841520013876
1972,1672.7949681469306
1971,1673.7846103091247
1970,1673.7887126946544
1969,1673.999013829468
1968,1674.484397333921
1967,1675.2231200454178
1966,1677.4839228888557
1965,1677.6405085600431
1964,1677.6405085600431
1963,1678.092496391196
1962,1678.0934746531711
1961,1678.4840329181345
1960,1678.4916425898111
1959,1678.5124019842715
1958,1678.5124019842715
1957,1679.629812088027
1956,1682.2130972691127
1955,1682.4765485295018
1954,1682.9737928462355
1953,1683.1545606664895
1952,1683.521600828167
1951,1683.6985552378515
1950,1686.3809625834506
1949,1687.8794614888986
1948,1691.7781793552556
1947,1692.2973932587606
1946,1692.371334485147
1945,1692.897023431734
1944,1693.358277727811
1943,1693.5405535093616
1942,1694.461078890052
1941,1694.9556063627717
1940,1695.7887475978753
1939,1697.7229747347926
1938,1699.194638823268
1937,1699.3299467176034
1936,1700.2447984812093
1935,1700.6921799699678
1934,1700.8348573004725
1933,1701.3836509817636
1932,1701.4445090435695
1931,1701.5052129652197
1930,1701.5232283580278
1929,1701.5509783968037
1928,1702.3476226735231
1927,1702.7395109788533
1926,1704.293045623421
1925,1704.314688654879
1924,1704.6792275976766
1923,1706.1122316156234
1922,1708.0470417564002
1921,1708.0637183222789
1920,1708.5584060170675
1919,1708.5631137780392
1918,1708.6285244062663
1917,1709.4151424395263
1916,1710.1939590401155
1915,1710.2767764604678
1914,1710.9662594908882
1913,1712.4958895998209
1912,1713.059677744405
1911,1713.2092494205042
1910,1713.68177115956
1909,1713.7257925524561
1908,1714.1551849536618
1907,1715.1071732711
1906,1716.1175357108186
1905,1716.1359207629325
1904,1716.5152124092274
1903,1717.2903855886314
1902,1717.6311414272616
1901,1722.8554518423862
1900,1723.2952484334737
1899,1723.4317560440081
1898,1724.6676278145078
1897,1725.630179289506
1896,1727.023016902946
1895,1727.3386420092102
1894,1727.7796439345345
1893,1728.7115949353586
1892,1730.052935715888
1891,1730.8133097749344
1890,1731.0069310092038
1889,1731.0649446431328
1888,1731.2471809175745
1887,1732.463765057259
1886,1732.7521860184427
1885,1732.7521860184427
1884,1732.959902471766
1883,1733.3630055518297
1882,1734.184587851008
1881,1736.0408093249098
1880,1736.8014568362264
1879,1738.086574481651
1878,1738.780010377628
1877,1738.781798631792
1876,1739.2060416339004
1875,1739.2060416339004
1874,1741.099276627918
1873,1741.106665242157
1872,1741.3349494058116
1871,1742.7230352067734
1870,1744.674365372302
1869,1745.2781289933712
1868,1748.1266153361362
1867,1749.251620467871
1866,1749.5217294720335
1865,1749.75138394021
1864,1749.8569379885325
1863,1749.9762757292551
1862,1750.661054882893
1861,1750.6751580184587
1860,1750.8617207641119
1859,1751.9078627275003
1858,1751.9109433829979
1857,1752.6680034844067
1856,1753.465626785889
1855,1754.2518556532862
1854,1754.5507312252491
1853,1755.0067021315035
1852,1755.9778596388953
1851,1756.3860963352038
1850,1756.4635098544984
1849,1758.3450415618377
1848,1758.7283852668027
1847,1760.603372571725
1846,1761.3830801099512
1845,1762.9896253771562
1844,1763.0259719484086
1843,1763.6180647613762
1842,1763.6247348284692
1841,1763.7889515438608
1840,1764.191770929073
1839,1764.289426835224
1838,1765.5526135765751
1837,1765.6715606028517
1836,1765.7877171057196
1835,1765.7877171057196
1834,1767.0081557797064
1833,1767.9379226833064
1832,1767.9379226833064
1831,1769.1639202569727
1830,1770.0963277498602
1829,1770.227776969144
1828,1770.227776969144
1827,1771.5071884656747
1826,1773.1432548512737
1825,1773.257857383
1824,1773.257857383
1823,1773.7282288924644
1822,1773.7282288924644
1821,1774.165058203461
1820,1774.1986780871173
1819,1776.3176785673584
1818,1777.7478520945406
1817,1778.3720013418686
1816,1778.3720013418686
1815,1778.5613282645782
1814,1780.3138770678656
1813,1780.5735398392942
1812,1781.9301923048608
1811,1782.857344206551
1810,1783.8234756350244
1809,1786.4214451831433
1808,1787.334381469771
1807,1788.9715342103052
1806,1788.9861329045098
1805,1788.9861329045098
1804,1789.023899453714
1803,1790.563847206641
1802,1791.1715509382534
1801,1791.1715509382534
1800,1792.0688450041457
1799,1792.614578615091
1798,1793.3746216632064
1797,1793.5094469318935
1796,1798.6434475139638
1795,1799.587815096644
1794,1799.6050342513488
1793,1801.6835944902577
1792,1802.4903061126224
1791,1802.6599694877868
1790,1804.53530272064
1789,1806.4231647627048
1788,1807.075913520572
1787,1810.8604001727135
1786,1811.0934245581498
1785,1811.1447133897573
1784,1812.8590538842222
1783,1814.2095118400275
1782,1814.2592199818566
1781,1814.600337561507
1780,1814.7202971242302
1779,1815.2254743200406
1778,1815.784633641557
1777,1815.9551188192331
1776,1816.8658544317361
1775,1816.8962207748339
1774,1816.9252480474943
1773,1816.9252480474943
1772,1817.5362777289793
1771,1818.8660805369964
1770,1820.5689835322871
1769,1821.400777170529
1768,1821.400777170529
1767,1822.2370404043447
1766,1822.2985160595117
1765,1822.4836143824864
1764,1822.4836143824864
1763,1822.994110784991
1762,1823.166068228201
1761,1823.166068228201
1760,inf
