Remaining Edges,Average Shortest Path
4872,1303.0674345436869
4871,1303.0674345436869
4870,1303.1171573025013
4869,1303.1526749268348
4868,1303.206295243178
4867,1303.2951243179784
4866,1303.2953028403622
4865,1303.3090040303653
4864,1303.3885701417744
4863,1303.40331306711
4862,1303.4164983634864
4861,1303.4528088181532
4860,1303.4818893690885
4859,1303.5370684955092
4858,1303.9587011821507
4857,1304.732045061146
4856,1304.862535100551
4855,1304.862535100551
4854,1304.862535100551
4853,1304.9210759056216
4852,1305.1997407157864
4851,1305.949634270367
4850,1305.949634270367
4849,1305.949634270367
4848,1306.7905211021634
4847,1306.8849701410804
4846,1307.0889959907126
4845,1307.3642328613128
4844,1307.7419260526945
4843,1307.8254602193529
4842,1307.8947669012634
4841,1308.0199533380635
4840,1308.2062276907557
4839,1308.2448406964675
4838,1308.3901860925812
4837,1308.5084074490885
4836,1308.6423239070612
4835,1308.6423239070612
4834,1308.7019479700896
4833,1308.7083678502186
4832,1310.5145501280717
4831,1310.5145501280717
4830,1310.796909340483
4829,1310.796909340483
4828,1310.9770083229773
4827,1310.9770083229773
4826,1310.9777464443725
4825,1311.018319828652
4824,1311.018319828652
4823,1311.018319828652
4822,1311.04442868884
4821,1311.04442868884
4820,1311.04442868884
4819,1311.0752277038487
4818,1311.0752277038487
4817,1311.0942830906176
4816,1311.0942830906176
4815,1311.2031348551013
4814,1311.2745843077398
4813,1311.2745843077398
4812,1312.3319450961128
4811,1312.6740831066586
4810,1312.6740831066586
4809,1313.1756515470693
4808,1313.1778313511525
4807,1313.1778313511525
4806,1313.206254316197
4805,1313.3120951825142
4804,1313.3723660560654
4803,1313.3723660560654
4802,1313.4326710496139
4801,1313.4326710496139
4800,1313.4326710496139
4799,1313.4979606968134
4798,1313.4979606968134
4797,1313.919468904074
4796,1313.9885801703017
4795,1313.9885801703017
4794,1314.169738751458
4793,1314.169738751458
4792,1314.1994083683107
4791,1314.5759007558074
4790,1314.8426295358581
4789,1314.8426295358581
4788,1314.8426295358581
4787,1314.8444118824139
4786,1314.8444118824139
4785,1314.864744492346
4784,1315.3119461186263
4783,1315.3119461186263
4782,1315.3119461186263
4781,1315.381086334663
4780,1315.4122972433577
4779,1315.4122972433577
4778,1315.5291812415062
4777,1315.6812198436019
4776,1315.773992148239
4775,1315.773992148239
4774,1315.7744910954148
4773,1315.871665775465
4772,1315.934217744506
4771,1315.9368565625527
4770,1315.9487811408683
4769,1315.9487811408683
4768,1315.965024329282
4767,1316.0179428615186
4766,1316.046805275177
4765,1316.1977026647605
4764,1316.2724537167283
4763,1316.2724537167283
4762,1316.3061055059168
4761,1316.6131359577898
4760,1316.9317914194587
4759,1316.9526694134424
4758,1317.966770948543
4757,1317.9904016730777
4756,1318.0259225767804
4755,1318.0415713094033
4754,1318.1459581587976
4753,1318.5402631874365
4752,1318.553695491804
4751,1318.5886363523116
4750,1319.166884280848
4749,1319.167951753154
4748,1319.1689941000877
4747,1319.1709100005687
4746,1320.0242027767165
4745,1320.1279333423029
4744,1320.1279333423029
4743,1320.1521189749737
4742,1320.153758242051
4741,1320.153758242051
4740,1320.313115985961
4739,1320.364705221946
4738,1320.4314786850523
4737,1320.5374952016293
4736,1320.5506788864789
4735,1320.7096236456907
4734,1320.7096236456907
4733,1320.8656429585812
4732,1321.3798123857862
4731,1321.7174652160968
4730,1321.7794024313457
4729,1322.025575206873
4728,1322.0259127561985
4727,1322.0259127561985
4726,1322.0259528839124
4725,1322.0363489899883
4724,1322.180372990624
4723,1322.2669842571581
4722,1322.2669842571581
4721,1322.3339248804482
4720,1322.7812824365258
4719,1322.8115765950397
4718,1322.8594347027285
4717,1322.8692298366177
4716,1322.8985151406105
4715,1322.8994351157903
4714,1322.9005514382059
4713,1323.3400792155576
4712,1323.3590193213167
4711,1323.3604731852329
4710,1323.3957670222055
4709,1323.3957670222055
4708,1323.4387530222648
4707,1323.708280134777
4706,1323.7886233582017
4705,1323.924646096809
4704,1323.9537644735806
4703,1323.9808801843217
4702,1323.987697961487
4701,1324.1580858780012
4700,1324.2069848238423
4699,1324.2069848238423
4698,1324.2599093044055
4697,1324.2599093044055
4696,1324.3379169843925
4695,1324.4984408716866
4694,1324.4984408716866
4693,1324.5317729038957
4692,1324.5346439100294
4691,1324.6186170995745
4690,1324.6186170995745
4689,1324.6186170995745
4688,1324.6186170995745
4687,1324.7408244320075
4686,1324.9329598005281
4685,1324.9329598005281
4684,1324.9529230432881
4683,1324.9529230432881
4682,1325.4922005383698
4681,1326.2780056098513
4680,1326.278404989531
4679,1326.5293629254659
4678,1326.5911131376524
4677,1326.6348026995977
4676,1326.6406697538255
4675,1326.9473835892052
4674,1326.9473835892052
4673,1327.0455251295791
4672,1327.0476651021725
4671,1327.1979693475046
4670,1327.9586280999501
4669,1329.3163555728736
4668,1329.3163555728736
4667,1329.3203117509686
4666,1329.5291717027628
4665,1329.6900170068755
4664,1329.7261410955825
4663,1329.7261410955825
4662,1329.7261410955825
4661,1329.8360333927646
4660,1329.8360333927646
4659,1329.9595597621233
4658,1329.9597565944953
4657,1330.0513123693027
4656,1330.4654207626154
4655,1330.6859242577284
4654,1330.6859242577284
4653,1330.7238956923127
4652,1330.724285487982
4651,1330.724285487982
4650,1331.0541604555135
4649,1331.2410043921416
4648,1331.361429985382
4647,1331.5774555906826
4646,1331.5774555906826
4645,1331.9423000279796
4644,1331.9423000279796
4643,1331.9959944559776
4642,1332.1650114730335
4641,1332.1650114730335
4640,1332.1658974730133
4639,1332.219126761221
4638,1332.2772011680206
4637,1332.2772011680206
4636,1332.2772011680206
4635,1332.3411810521295
4634,1332.7727967544524
4633,1332.9566580829353
4632,1333.0732289085165
4631,1333.0940285358079
4630,1333.432870993792
4629,1333.4367318291636
4628,1333.4367318291636
4627,1333.4619447563987
4626,1333.5253227554124
4625,1333.6855571255842
4624,1333.7509649399717
4623,1333.7509649399717
4622,1334.3630749193326
4621,1334.4255481907117
4620,1334.5392311662465
4619,1334.5926714479658
4618,1334.5926714479658
4617,1334.9357293811622
4616,1334.9357293811622
4615,1335.2166603103929
4614,1335.2413994329522
4613,1335.26678881418
4612,1335.2685524220615
4611,1335.3896486262804
4610,1335.4068518771173
4609,1335.919385205009
4608,1335.919385205009
4607,1336.0114147176257
4606,1336.5909565481284
4605,1336.6553227633071
4604,1336.6566168725772
4603,1336.9119896718028
4602,1336.9119896718028
4601,1336.9119896718028
4600,1336.9407691446422
4599,1337.1845608802175
4598,1337.3367430396218
4597,1337.5517148281983
4596,1337.6394530189073
4595,1337.9134147192813
4594,1337.9134147192813
4593,1338.015968771598
4592,1338.0608168755293
4591,1338.1401184273102
4590,1338.3077814510912
4589,1338.4164735982547
4588,1338.5563980063657
4587,1338.9060680463194
4586,1338.935230299403
4585,1339.1149676401885
4584,1339.7548249260676
4583,1339.7553604932195
4582,1339.7578002991336
4581,1340.2000698045729
4580,1340.3109970155156
4579,1340.507612625606
4578,1340.5266875845864
4577,1340.5985661644618
4576,1340.6313441486875
4575,1340.690676224703
4574,1340.690676224703
4573,1340.7362773954824
4572,1340.7362773954824
4571,1340.7362773954824
4570,1340.7362773954824
4569,1340.7572299136987
4568,1340.7776725758258
4567,1340.8011615887092
4566,1340.8011615887092
4565,1340.8011615887092
4564,1340.9216889798868
4563,1340.9216889798868
4562,1340.9327942950704
4561,1341.3636045444073
4560,1341.5530388468155
4559,1341.5530388468155
4558,1341.7160140836677
4557,1341.7160140836677
4556,1341.7917146607451
4555,1341.8822366899358
4554,1341.8822366899358
4553,1341.8822366899358
4552,1341.9089330383538
4551,1341.9089330383538
4550,1342.0265378158317
4549,1342.0713728434257
4548,1342.0713728434257
4547,1342.3455348461337
4546,1342.3455348461337
4545,1342.3455348461337
4544,1342.5227085056415
4543,1342.6733125450885
4542,1342.746635685108
4541,1342.7571060338264
4540,1342.7580846009682
4539,1342.7580846009682
4538,1343.6116137548468
4537,1344.2539140779993
4536,1344.2539140779993
4535,1344.3746281551596
4534,1344.8020407435135
4533,1345.3202118926372
4532,1345.7048584824279
4531,1345.816042549543
4530,1346.1924298263184
4529,1346.3431789540894
4528,1346.519886648091
4527,1346.5540809615538
4526,1346.5540809615538
4525,1346.5540809615538
4524,1346.6941456636034
4523,1346.7018308451557
4522,1346.7133707250625
4521,1346.9034008668598
4520,1346.9937805397783
4519,1347.0412204076863
4518,1347.2998378944906
4517,1348.2469597702245
4516,1348.5197804821858
4515,1348.5528799881404
4514,1348.5549619863702
4513,1348.5549619863702
4512,1348.58883903916
4511,1348.970267271403
4510,1348.970267271403
4509,1348.970267271403
4508,1349.0529464334784
4507,1349.0529464334784
4506,1349.6061991324395
4505,1349.6931387789068
4504,1349.6931387789068
4503,1349.7233395522262
4502,1349.7316826726837
4501,1350.1330892796896
4500,1350.1345241070308
4499,1350.1798850048435
4498,1350.2335515248053
4497,1350.2335515248053
4496,1350.2861280118389
4495,1350.2861280118389
4494,1350.8793941238428
4493,1350.8873471601337
4492,1351.0879219016379
4491,1351.109545575603
4490,1351.109545575603
4489,1351.2162115185406
4488,1351.4862023553094
4487,1351.4862023553094
4486,1352.427662066195
4485,1352.7458801863104
4484,1352.7458801863104
4483,1352.92981092798
4482,1352.92981092798
4481,1353.039320074264
4480,1353.1016125222689
4479,1353.2285681652795
4478,1353.2285681652795
4477,1353.2523728265148
4476,1353.2966113535872
4475,1353.5084274675535
4474,1353.5084274675535
4473,1353.998435215637
4472,1354.2113482405694
4471,1354.2235099831903
4470,1354.2235099831903
4469,1354.406710877134
4468,1354.7938326110898
4467,1354.8742208492433
4466,1355.1027622907054
4465,1356.5263210124058
4464,1356.5421637097918
4463,1357.2784042919643
4462,1357.927462174586
4461,1357.9291432948403
4460,1357.9380697427564
4459,1357.9380697427564
4458,1357.983659358721
4457,1358.1388844920846
4456,1358.1404958800251
4455,1359.4346511015526
4454,1359.4645949591793
4453,1359.4771148070163
4452,1359.4771148070163
4451,1359.6522422534474
4450,1359.6522422534474
4449,1359.695421517937
4448,1359.699381933151
4447,1360.13422155854
4446,1360.321798093491
4445,1360.3645179047187
4444,1360.3645179047187
4443,1360.4321757333648
4442,1360.5750806589706
4441,1360.5931611121928
4440,1361.7409530447565
4439,1361.7409530447565
4438,1361.7942417031873
4437,1362.3056759803126
4436,1362.330833329918
4435,1362.9450930062164
4434,1363.1820793375095
4433,1363.1820793375095
4432,1363.1820793375095
4431,1363.2241860151787
4430,1363.2241860151787
4429,1363.5057260838626
4428,1363.5057260838626
4427,1363.6810261932048
4426,1364.49889864203
4425,1364.66066760074
4424,1364.6937594749536
4423,1364.7258872817142
4422,1365.168975011757
4421,1365.168975011757
4420,1365.3608736786396
4419,1365.4431426745023
4418,1366.546228500196
4417,1366.642049984884
4416,1366.642049984884
4415,1366.642049984884
4414,1366.654963562225
4413,1366.654963562225
4412,1366.654963562225
4411,1366.6671532234495
4410,1366.7256196263297
4409,1366.795745402633
4408,1367.383489950901
4407,1367.383489950901
4406,1367.4519193571166
4405,1369.0172596670611
4404,1369.0228219362793
4403,1369.0228219362793
4402,1369.2744736873963
4401,1369.278887640955
4400,1369.2796841254371
4399,1369.2810037088414
4398,1369.2817354628207
4397,1369.3351680411602
4396,1369.35061880988
4395,1369.6040896395514
4394,1369.6246675852233
4393,1369.6246675852233
4392,1370.0531424404276
4391,1371.1559505625696
4390,1371.4224182503806
4389,1371.5133319437791
4388,1371.5271360359243
4387,1371.8056794310264
4386,1372.1407279284101
4385,1372.3930631559358
4384,1372.9106093628218
4383,1372.9106093628218
4382,1373.148454009938
4381,1373.149455773364
4380,1373.1504618217407
4379,1373.2231630871213
4378,1373.2231630871213
4377,1373.3866149111445
4376,1375.143905936532
4375,1375.311074788529
4374,1375.311074788529
4373,1375.4801070516828
4372,1375.4801070516828
4371,1375.8729580640866
4370,1375.923132960537
4369,1375.9235025389276
4368,1376.0532363883935
4367,1376.0545249538059
4366,1376.5674390672734
4365,1376.5674390672734
4364,1376.7070135601655
4363,1377.0700722009733
4362,1377.120845019598
4361,1377.120845019598
4360,1377.1211020460562
4359,1377.3546863541044
4358,1377.8074844185358
4357,1377.8074844185358
4356,1377.92884709625
4355,1377.960372403867
4354,1378.2036184428362
4353,1378.2036184428362
4352,1378.2326473552068
4351,1378.6419028014047
4350,1378.6419028014047
4349,1378.642405000844
4348,1378.642405000844
4347,1378.642405000844
4346,1378.746503445936
4345,1378.769575255734
4344,1378.769575255734
4343,1379.1921010637475
4342,1379.1921010637475
4341,1379.1921010637475
4340,1379.561270946594
4339,1379.561270946594
4338,1379.5802321140286
4337,1380.2057571616897
4336,1380.2077406347457
4335,1380.6234964574028
4334,1380.7374990032715
4333,1381.970532818562
4332,1381.9997727715931
4331,1382.026800642979
4330,1382.026800642979
4329,1382.9904299031798
4328,1383.1613454198284
4327,1384.0138229104111
4326,1384.0166339513341
4325,1384.3675117633613
4324,1384.3675117633613
4323,1384.3675117633613
4322,1384.439983806147
4321,1384.439983806147
4320,1384.4472188336235
4319,1384.4472188336235
4318,1384.4812968988952
4317,1384.4858123242677
4316,1384.5370378828593
4315,1384.6614255960694
4314,1384.8521357973452
4313,1384.8534255951608
4312,1385.99234057913
4311,1386.0829149045935
4310,1386.6095316737942
4309,1386.6095316737942
4308,1386.6897410710121
4307,1386.7938041257635
4306,1386.7942069455016
4305,1386.8141783470442
4304,1386.9959298182544
4303,1387.0195720773174
4302,1387.0234568464587
4301,1387.208035925048
4300,1387.208035925048
4299,1387.595641326074
4298,1387.9423676940937
4297,1387.9436487393325
4296,1388.3305494101314
4295,1388.3308950111568
4294,1388.3308950111568
4293,1388.3319496664712
4292,1388.6884542495252
4291,1388.7094348899034
4290,1388.831051709908
4289,1389.3917843188456
4288,1389.3917843188456
4287,1389.3917843188456
4286,1389.3917843188456
4285,1389.5170984620404
4284,1389.5187217050834
4283,1389.519179454786
4282,1389.9771334297548
4281,1390.0342236260701
4280,1390.1243840442614
4279,1390.352935439998
4278,1390.352935439998
4277,1390.352935439998
4276,1390.352935439998
4275,1390.352935439998
4274,1390.379427540852
4273,1390.6090695231103
4272,1390.6883640042
4271,1390.6914697996017
4270,1391.4477107460127
4269,1391.7080108235414
4268,1391.7531351302546
4267,1391.7564034928544
4266,1392.3307254120352
4265,1392.4858629085513
4264,1392.488138659863
4263,1392.4924076170494
4262,1392.4924076170494
4261,1392.6648850492209
4260,1392.7719082508775
4259,1392.817777201876
4258,1392.8528517298366
4257,1392.8706508058565
4256,1393.8656637641643
4255,1394.5890765067873
4254,1394.8617967338237
4253,1394.866006956068
4252,1394.866006956068
4251,1394.9091623818592
4250,1395.2939750361415
4249,1395.8923813210647
4248,1396.4517706690274
4247,1397.1894404493828
4246,1397.1894404493828
4245,1397.1894404493828
4244,1397.22365218557
4243,1397.22365218557
4242,1397.6181732637374
4241,1398.934223346148
4240,1398.934223346148
4239,1399.4945860097969
4238,1399.594960951192
4237,1400.1166914374733
4236,1400.2208707902803
4235,1400.4936971572604
4234,1400.8199158739583
4233,1400.894660152963
4232,1400.894660152963
4231,1400.894660152963
4230,1400.9000500956008
4229,1401.5280271326326
4228,1401.5280271326326
4227,1401.5307973847875
4226,1401.6759766148941
4225,1402.225940475565
4224,1402.4723644957614
4223,1402.5018335681968
4222,1402.8155992702425
4221,1403.027297519818
4220,1403.1008343205299
4219,1403.1008343205299
4218,1403.4059773299496
4217,1403.488043391661
4216,1403.5531839996945
4215,1403.5531839996945
4214,1403.5534749828576
4213,1403.5570859413856
4212,1403.9843689463723
4211,1404.342521644129
4210,1404.8658219587535
4209,1405.2577965974021
4208,1405.2577965974021
4207,1405.3232984111785
4206,1405.3790269306774
4205,1406.476743484258
4204,1406.476743484258
4203,1406.504804407195
4202,1406.504804407195
4201,1406.5104119500381
4200,1406.5104119500381
4199,1406.5110937722352
4198,1406.5110937722352
4197,1406.5608646103822
4196,1406.7134930710226
4195,1407.4023207859116
4194,1407.402383650204
4193,1407.402383650204
4192,1407.4660606251914
4191,1407.4660606251914
4190,1407.5854726901719
4189,1407.6294133345011
4188,1407.6295019090683
4187,1408.4742111675241
4186,1408.7043096937587
4185,1409.2656706709945
4184,1409.2817913900478
4183,1409.3052381910927
4182,1410.041510733678
4181,1410.1846761794518
4180,1410.1946603100555
4179,1410.2970828399932
4178,1410.4237161356716
4177,1410.4262959839311
4176,1410.4420924104386
4175,1410.4685639867632
4174,1410.5572464048987
4173,1410.5984556576302
4172,1410.6166870460809
4171,1411.2795923764086
4170,1411.4792322350884
4169,1412.2582752825597
4168,1412.2590154747274
4167,1412.2878939800303
4166,1412.2894085212124
4165,1412.3371470011039
4164,1412.6899983061523
4163,1412.6908833004697
4162,1412.6921269628162
4161,1413.3136786675934
4160,1413.3136786675934
4159,1413.3442002650213
4158,1413.6466444555367
4157,1413.6466444555367
4156,1413.658075573932
4155,1413.718962678724
4154,1413.9034106897852
4153,1414.0329680367533
4152,1414.441597930234
4151,1415.1831641574324
4150,1415.767943106391
4149,1415.7700134429024
4148,1415.9948344324728
4147,1416.235517292806
4146,1416.2420712436008
4145,1416.3608126664978
4144,1416.3617015437615
4143,1416.7452522161716
4142,1416.969512611352
4141,1418.3238669738782
4140,1418.3271497270127
4139,1418.3911528421725
4138,1418.3962904722493
4137,1418.9687618438877
4136,1418.977572019644
4135,1419.2521939927638
4134,1419.3003050776836
4133,1419.4904207885506
4132,1419.5643094740974
4131,1420.0905252955592
4130,1420.0905252955592
4129,1420.2158895374387
4128,1420.2606269674354
4127,1420.3125289699738
4126,1420.462233843768
4125,1420.4651351413067
4124,1422.2244066849792
4123,1422.2777311067944
4122,1422.6643518678954
4121,1422.9874973359244
4120,1423.1614987852063
4119,1423.1614987852063
4118,1423.6573823557658
4117,1423.6573823557658
4116,1423.6583990661757
4115,1423.6594427354974
4114,1423.7386235432068
4113,1423.8388670832232
4112,1423.8388670832232
4111,1423.8388670832232
4110,1424.003215696113
4109,1424.4660303738606
4108,1424.468997679577
4107,1424.576893527276
4106,1424.576893527276
4105,1424.882225134515
4104,1425.2102320910597
4103,1425.2104341548568
4102,1425.2548850597307
4101,1425.4540163583715
4100,1426.3788952382515
4099,1426.3788952382515
4098,1426.383932991703
4097,1426.8307596008497
4096,1426.9735310968686
4095,1427.7217538857058
4094,1427.9159927512744
4093,1427.9524001745972
4092,1427.9524001745972
4091,1428.1954651736983
4090,1428.3575541245311
4089,1428.3827122082191
4088,1428.8610906565723
4087,1428.8610906565723
4086,1428.8610906565723
4085,1429.033944951451
4084,1429.1873593336811
4083,1429.1882771218345
4082,1429.28234227487
4081,1429.9690914415771
4080,1429.984804691983
4079,1430.6927831345429
4078,1430.7671174941638
4077,1431.278830709087
4076,1431.2813374574273
4075,1431.288363076154
4074,1431.288363076154
4073,1431.5250714044712
4072,1431.5637071208669
4071,1431.569876177557
4070,1431.789836363404
4069,1431.789836363404
4068,1432.076776547561
4067,1432.077719511948
4066,1432.3922653030413
4065,1432.4216545358795
4064,1432.670980185869
4063,1432.7194608496748
4062,1432.871166018219
4061,1432.9146433858286
4060,1432.95463174954
4059,1433.0310706710836
4058,1433.0829778066152
4057,1433.0840912225362
4056,1434.217239116863
4055,1434.8396513096338
4054,1434.8396513096338
4053,1435.1407956838516
4052,1435.141617598873
4051,1435.5502649886948
4050,1435.5502649886948
4049,1435.5907642309257
4048,1435.5907642309257
4047,1435.6653595092318
4046,1435.7669062989373
4045,1435.7973750114315
4044,1435.7973750114315
4043,1435.8695031808757
4042,1435.8695031808757
4041,1435.8978897515735
4040,1436.6762227127872
4039,1436.6792804807997
4038,1436.7037214934599
4037,1436.744374984801
4036,1436.8240649745017
4035,1436.8852816571
4034,1436.9376446239041
4033,1436.9390796692214
4032,1436.9741813139187
4031,1437.2454831320897
4030,1437.2461175731771
4029,1437.4370811712627
4028,1438.2151679153405
4027,1438.2151679153405
4026,1438.4631977764993
4025,1439.8552891341478
4024,1439.901960431967
4023,1439.901960431967
4022,1440.0754053654384
4021,1440.0754053654384
4020,1440.1231595035613
4019,1440.1690531847892
4018,1440.1791494436727
4017,1440.7203065464112
4016,1440.7203065464112
4015,1440.743800917477
4014,1440.743800917477
4013,1441.4730064666617
4012,1441.4730064666617
4011,1441.6274396107533
4010,1441.6318020962033
4009,1441.6318020962033
4008,1441.6318020962033
4007,1441.8288016229353
4006,1441.8826660355596
4005,1442.6447719201633
4004,1442.6447719201633
4003,1442.6646219509391
4002,1442.977931778852
4001,1443.0751182021313
4000,1443.0751182021313
3999,1443.0751182021313
3998,1443.077199682503
3997,1443.077199682503
3996,1443.6931125057088
3995,1443.7595303512694
3994,1443.8972924185473
3993,1443.9078959557887
3992,1444.0791380450062
3991,1444.0791380450062
3990,1444.0796850655038
3989,1444.5065442193802
3988,1444.858905621822
3987,1445.0128813445017
3986,1445.5141788515425
3985,1446.6585497386318
3984,1447.0317095276741
3983,1447.1638563671465
3982,1447.1851522852871
3981,1447.1852633936242
3980,1447.1972592058014
3979,1447.2716108724865
3978,1447.2716108724865
3977,1447.3395693891648
3976,1447.862861714578
3975,1448.214218706838
3974,1448.6229017582452
3973,1448.9921681645378
3972,1449.0274557961538
3971,1449.0274557961538
3970,1449.0274557961538
3969,1449.0591549311405
3968,1449.1062753001715
3967,1449.2916597649896
3966,1449.4688591841839
3965,1449.7481341292562
3964,1449.8668232965404
3963,1450.2109932159747
3962,1450.2109932159747
3961,1450.3628663778807
3960,1450.7147526281262
3959,1450.7363141867424
3958,1450.7910956205073
3957,1451.0194281463355
3956,1451.0194281463355
3955,1451.0958018149186
3954,1452.0923527658865
3953,1452.407178381245
3952,1452.481308728708
3951,1452.5107134383545
3950,1453.1038865936089
3949,1453.1038865936089
3948,1453.2242470157537
3947,1453.5697954875295
3946,1453.8007710544487
3945,1453.826716293169
3944,1453.826716293169
3943,1453.9112440792317
3942,1453.937696968271
3941,1453.937696968271
3940,1454.1337155092103
3939,1454.1337155092103
3938,1454.1355142475654
3937,1454.1451180006434
3936,1454.221785464875
3935,1454.2372130583785
3934,1454.2768878807324
3933,1454.5007939457444
3932,1455.4856267104512
3931,1456.3354692487028
3930,1457.3748891901364
3929,1459.9735338650985
3928,1460.3325381129887
3927,1460.387037141201
3926,1460.4855064170058
3925,1460.5930322450263
3924,1460.6832509401133
3923,1461.2777598458226
3922,1461.6051841647995
3921,1462.392505383368
3920,1462.392505383368
3919,1462.4749522062568
3918,1462.547229048281
3917,1462.5500458437716
3916,1463.3524761680196
3915,1463.3524761680196
3914,1463.36453544588
3913,1463.4592736606867
3912,1463.4608980852715
3911,1463.4936124320188
3910,1463.5173250406044
3909,1463.5272263386469
3908,1463.5801960802855
3907,1463.590437837216
3906,1463.8002648096883
3905,1464.0909332096028
3904,1464.3938796841144
3903,1464.4333008279352
3902,1465.0892646066093
3901,1465.441840402867
3900,1465.4443397162424
3899,1465.4443397162424
3898,1465.8657830245118
3897,1465.9408047792836
3896,1466.0842126007813
3895,1466.0941632655356
3894,1466.0941632655356
3893,1466.1347351578047
3892,1466.1347351578047
3891,1466.3639548579579
3890,1466.369074367798
3889,1466.624883407131
3888,1466.8524942442582
3887,1467.2978005165178
3886,1467.2978005165178
3885,1467.2978005165178
3884,1467.4055801523834
3883,1467.4055801523834
3882,1467.4927269154653
3881,1467.4927269154653
3880,1467.535226376939
3879,1467.6428960248115
3878,1467.7277925674587
3877,1468.1518717337708
3876,1468.232424330035
3875,1468.6618136719455
3874,1469.0171567956752
3873,1469.0204836557803
3872,1469.2797082955105
3871,1469.2825586995543
3870,1469.335079547769
3869,1469.335079547769
3868,1469.5632863153346
3867,1469.7345855565825
3866,1470.749450427107
3865,1470.7539609182943
3864,1470.7545963581085
3863,1470.7545963581085
3862,1470.873476358659
3861,1470.873476358659
3860,1470.873476358659
3859,1471.085471297981
3858,1471.085909822196
3857,1471.167536270676
3856,1471.6614758045362
3855,1471.6614758045362
3854,1471.9770324419844
3853,1472.1686350098826
3852,1472.219103676882
3851,1472.219103676882
3850,1472.5725336181176
3849,1472.5725336181176
3848,1473.3690680390691
3847,1473.3690680390691
3846,1473.6062614333603
3845,1473.6062614333603
3844,1473.672340051813
3843,1473.807369854184
3842,1473.807369854184
3841,1473.812778203248
3840,1473.8378310947046
3839,1473.857384360338
3838,1473.9386297379374
3837,1473.9386297379374
3836,1474.0463168743163
3835,1474.37539423444
3834,1474.5183063526586
3833,1474.5597268882395
3832,1474.7391993726237
3831,1474.9822725037725
3830,1474.9862806858239
3829,1476.9452457717457
3828,1477.2020509583492
3827,1478.0001457352178
3826,1478.0015418718106
3825,1478.0015418718106
3824,1478.3256205775422
3823,1478.3552536449185
3822,1478.6914271706612
3821,1478.6945484132991
3820,1478.8273710370026
3819,1479.4544351311536
3818,1479.7891790518345
3817,1480.9280968760556
3816,1480.9280968760556
3815,1480.9280968760556
3814,1480.9488710095166
3813,1481.7996402444742
3812,1482.0361840116755
3811,1482.1843636156727
3810,1482.541429317515
3809,1482.541429317515
3808,1482.5435070434141
3807,1482.594632914019
3806,1482.6289769645773
3805,1482.7875434572204
3804,1482.7875434572204
3803,1482.8251779800264
3802,1483.721687498909
3801,1483.721687498909
3800,1483.900625959232
3799,1483.9024716060321
3798,1483.9055913345749
3797,1483.9345089624878
3796,1484.1783244150818
3795,1484.2107129943738
3794,1484.3356249085882
3793,1484.3697367707923
3792,1484.4181584452076
3791,1484.4181584452076
3790,1484.633466674882
3789,1484.633466674882
3788,1484.634732098504
3787,1484.6763942932841
3786,1484.6763942932841
3785,1484.7967790856924
3784,1484.8795904858923
3783,1484.8809181126126
3782,1485.0634942184968
3781,1485.0773340142252
3780,1485.166309761705
3779,1485.206446725355
3778,1485.2830441008273
3777,1485.6249575382192
3776,1485.6249575382192
3775,1485.6249575382192
3774,1485.7531070285781
3773,1485.7543923897426
3772,1487.0633832592307
3771,1487.0633832592307
3770,1487.0732317122215
3769,1487.3692637665129
3768,1487.5036108530685
3767,1487.5036108530685
3766,1487.5055912308644
3765,1487.7353864373952
3764,1487.9744807701197
3763,1489.0617866737782
3762,1489.9908902816253
3761,1490.0432297444277
3760,1490.0432297444277
3759,1490.0907872152347
3758,1490.1092139820776
3757,1490.48930018585
3756,1490.766810460031
3755,1490.7781375665047
3754,1491.011979934389
3753,1491.0188265475495
3752,1491.0188654562742
3751,1491.0188654562742
3750,1491.0188900915307
3749,1491.6907154153914
3748,1491.8947987047598
3747,1492.1675851766227
3746,1492.8721089845235
3745,1493.197972253086
3744,1493.3184426690505
3743,1493.8938644223044
3742,1494.4947600022554
3741,1494.4971429639795
3740,1494.7264440876104
3739,1495.1585755274173
3738,1495.2751395460468
3737,1495.4073580512497
3736,1495.601338089145
3735,1496.2661422276813
3734,1496.3750528887795
3733,1496.4287505260415
3732,1496.4484048398074
3731,1496.4484048398074
3730,1497.3947927397232
3729,1497.4001154515868
3728,1497.4001154515868
3727,1497.4634375950118
3726,1497.6346218361682
3725,1497.917022954947
3724,1498.147960657456
3723,1498.3576917104072
3722,1498.617429051805
3721,1498.6327374848906
3720,1498.6481600433506
3719,1498.6507190982195
3718,1498.7413622286215
3717,1498.7413622286215
3716,1498.765120054813
3715,1498.8959559718983
3714,1498.8959559718983
3713,1499.3197896036208
3712,1499.3215748274604
3711,1499.3307059377369
3710,1499.4524656379929
3709,1499.8994540625092
3708,1499.9499700771235
3707,1500.4372894233716
3706,1501.0752447630998
3705,1501.0752447630998
3704,1501.2099312147825
3703,1502.0473561756437
3702,1502.1557546592196
3701,1502.4387454171404
3700,1502.4815424883736
3699,1502.505040044862
3698,1502.7607785765194
3697,1502.795675606844
3696,1503.0217086419277
3695,1503.0217086419277
3694,1503.0217086419277
3693,1503.0217086419277
3692,1503.4190278188755
3691,1503.4199185997963
3690,1503.4487803338236
3689,1503.4487803338236
3688,1503.4487803338236
3687,1503.4496308836322
3686,1504.0139371411149
3685,1504.1186349380587
3684,1504.4656388443334
3683,1504.4656388443334
3682,1504.4656388443334
3681,1505.0781177561157
3680,1505.0781177561157
3679,1505.1076520032984
3678,1505.1154817247686
3677,1505.978110388558
3676,1505.978110388558
3675,1506.0592372771089
3674,1506.1368465262985
3673,1506.1960688827967
3672,1506.1960688827967
3671,1506.2078717812885
3670,1506.2079286730373
3669,1506.2568304285087
3668,1506.3288712853669
3667,1506.3573297598173
3666,1506.3573297598173
3665,1507.0469627093566
3664,1507.0469627093566
3663,1507.1552873176115
3662,1507.156654990165
3661,1507.271357419585
3660,1507.2761411706758
3659,1507.4983441097468
3658,1507.4983441097468
3657,1507.573118151503
3656,1507.714086694321
3655,1507.714086694321
3654,1507.714086694321
3653,1507.7481419653188
3652,1507.9823403449564
3651,1509.5015694048202
3650,1510.4773255501386
3649,1510.5041191710864
3648,1510.5041191710864
3647,1510.579046973846
3646,1510.605564814851
3645,1513.5905204290204
3644,1514.1402391736437
3643,1514.1412576667317
3642,1514.1412576667317
3641,1514.3375926146398
3640,1514.7750341205433
3639,1515.1442661147169
3638,1516.0767000337182
3637,1516.1881961116767
3636,1516.4163967370687
3635,1516.4278248845617
3634,1516.8518770923786
3633,1517.120187695534
3632,1517.247557472756
3631,1517.7704932722404
3630,1517.8909983510473
3629,1518.0376628910965
3628,1518.5145310868704
3627,1519.44609963664
3626,1519.4493124946114
3625,1519.8005295872772
3624,1520.3016055012167
3623,1520.338185547576
3622,1520.4222742607235
3621,1520.7332246827184
3620,1520.977429894204
3619,1521.0573054511149
3618,1521.0573054511149
3617,1521.0578167793303
3616,1521.5079085910763
3615,1521.519704939621
3614,1521.520466635126
3613,1521.8142964174222
3612,1522.0486460820277
3611,1523.341321397826
3610,1524.140697997091
3609,1524.6429983404219
3608,1525.25146947756
3607,1525.279428139459
3606,1525.3139286244782
3605,1525.3707101951102
3604,1525.3707101951102
3603,1526.1739160736408
3602,1526.1884616396892
3601,1526.2341433072002
3600,1526.2408028718107
3599,1527.0419655347223
3598,1527.0439101535478
3597,1527.0439101535478
3596,1527.0439101535478
3595,1527.0439101535478
3594,1527.3841965468664
3593,1527.3895860046728
3592,1527.4350624507754
3591,1527.4350624507754
3590,1527.4360569882956
3589,1527.4409604031082
3588,1527.442012617091
3587,1527.7690921714363
3586,1528.9765471550845
3585,1528.9765471550845
3584,1529.4062351325952
3583,1529.4092413842043
3582,1529.8630080470818
3581,1530.0625648443215
3580,1530.0625648443215
3579,1530.0665980256613
3578,1530.332358422601
3577,1530.3927716603876
3576,1530.4182102692782
3575,1530.4190159087543
3574,1530.4190159087543
3573,1530.8389920610246
3572,1530.8389920610246
3571,1530.882752815284
3570,1530.950242827789
3569,1531.0594946407014
3568,1531.0665836788971
3567,1531.0665836788971
3566,1531.0777328459153
3565,1531.9090506275602
3564,1531.9090506275602
3563,1532.3647231521418
3562,1532.559209930045
3561,1532.560057072161
3560,1532.560057072161
3559,1532.8139380949208
3558,1532.8139380949208
3557,1532.833217171836
3556,1533.9003164144353
3555,1534.4553300569053
3554,1534.4553300569053
3553,1534.4585648214693
3552,1534.5251636541036
3551,1535.3174063049387
3550,1536.4164456787762
3549,1536.4227950486077
3548,1536.516390172312
3547,1536.5751234619293
3546,1536.5751234619293
3545,1536.5751234619293
3544,1537.068275401435
3543,1537.068275401435
3542,1537.2525115560995
3541,1537.4651447917681
3540,1537.8337748212675
3539,1537.9902464210963
3538,1538.0255478722922
3537,1538.0282739478282
3536,1538.6623978271698
3535,1538.669599286335
3534,1538.672914157097
3533,1539.4612994545012
3532,1539.4612994545012
3531,1539.578803791682
3530,1539.6762287810752
3529,1539.6762287810752
3528,1541.0539350955453
3527,1541.0590774702348
3526,1541.8647892128645
3525,1541.8743093712894
3524,1542.0870848379125
3523,1542.1191747517214
3522,1542.6072161616466
3521,1542.6072161616466
3520,1542.61285216645
3519,1542.6657773554093
3518,1542.874923694286
3517,1542.874923694286
3516,1542.9509401238388
3515,1543.1117440137687
3514,1543.1382748502947
3513,1543.2162019336808
3512,1543.6189996340447
3511,1543.6322163065968
3510,1543.6355527150693
3509,1543.6379840199174
3508,1543.8133011592927
3507,1543.9136078500292
3506,1543.9440738161095
3505,1544.0610294234878
3504,1544.0612951217595
3503,1544.087468349401
3502,1545.4428242358722
3501,1545.4428242358722
3500,1545.4428242358722
3499,1545.7752949937776
3498,1545.8061405458116
3497,1545.8201012284148
3496,1545.852563750863
3495,1545.9209392553935
3494,1546.1276628992
3493,1546.1663732568252
3492,1546.1735004196923
3491,1546.4160021902053
3490,1546.4160021902053
3489,1547.1785925175477
3488,1547.1922920897798
3487,1547.1990035013148
3486,1547.1990035013148
3485,1547.4534680141885
3484,1547.4534680141885
3483,1547.4551580260897
3482,1547.775852745289
3481,1547.7788608474589
3480,1547.7788608474589
3479,1547.9057250799876
3478,1547.9057250799876
3477,1548.450230031682
3476,1548.9774740367952
3475,1548.9775953404665
3474,1549.4610625736125
3473,1549.5825854124841
3472,1549.624815876995
3471,1549.6571503608598
3470,1550.2301041907704
3469,1550.6749327238113
3468,1550.9766571125926
3467,1550.9766571125926
3466,1552.0995351789343
3465,1552.5624883629807
3464,1552.7384057758754
3463,1553.0484198855008
3462,1553.4382807804714
3461,1553.4902172337952
3460,1553.529124046362
3459,1553.5745514429757
3458,1554.2305078694385
3457,1554.2387894382111
3456,1554.5454216560627
3455,1554.8175461927597
3454,1554.8175461927597
3453,1554.9984267297968
3452,1554.9984267297968
3451,1555.1184483780519
3450,1555.8089179460278
3449,1556.2016886049398
3448,1557.118737628866
3447,1557.150900720131
3446,1557.150900720131
3445,1557.416326193412
3444,1557.6499235864867
3443,1558.8399173228736
3442,1559.0624536927282
3441,1559.0632288155577
3440,1559.0655614026866
3439,1559.0655614026866
3438,1559.6373176623085
3437,1559.9091705845024
3436,1560.807688180937
3435,1560.9097130726477
3434,1561.1379140133502
3433,1561.3496112190792
3432,1561.3496112190792
3431,1561.3715429602544
3430,1561.3715429602544
3429,1561.4167791214493
3428,1561.4245234072073
3427,1562.077135639341
3426,1562.931059351466
3425,1563.0421798504142
3424,1563.6407479621303
3423,1564.0212472444562
3422,1564.0974081715042
3421,1564.1849291807646
3420,1564.1849291807646
3419,1564.5087368767822
3418,1564.5087368767822
3417,1564.5426890510537
3416,1564.9675675478566
3415,1565.385481477678
3414,1566.8654078953189
3413,1566.8654078953189
3412,1566.8890719296046
3411,1567.306183582784
3410,1567.8394339259562
3409,1568.286878416914
3408,1568.4795974632802
3407,1569.7833368825707
3406,1569.8716380992641
3405,1570.0349982235116
3404,1570.3700137844974
3403,1570.3734401625586
3402,1570.3734401625586
3401,1570.3779564083134
3400,1570.3779564083134
3399,1570.4359875798941
3398,1571.215523155788
3397,1571.2157203950487
3396,1571.3616089102818
3395,1571.6940740979287
3394,1572.6834146370504
3393,1572.6834146370504
3392,1572.7104002135752
3391,1572.7450238320455
3390,1573.688391328029
3389,1573.688391328029
3388,1573.688391328029
3387,1573.6892330509252
3386,1573.6892330509252
3385,1573.92780949163
3384,1574.3156747133617
3383,1574.6675068130644
3382,1574.754284881872
3381,1574.9114665864363
3380,1574.9125619814743
3379,1575.548827768704
3378,1576.0244073227652
3377,1576.0263310703835
3376,1576.1074413366632
3375,1576.1253638703538
3374,1576.1892858488948
3373,1576.1911450756027
3372,1576.1911450756027
3371,1576.3008385751368
3370,1576.3008385751368
3369,1576.309334215418
3368,1576.3429037251622
3367,1577.849874807155
3366,1578.122712986956
3365,1578.4156562721791
3364,1578.4156562721791
3363,1578.4165656682544
3362,1578.644031182703
3361,1578.7475154953624
3360,1578.7756306043386
3359,1579.725544833792
3358,1579.8724048054175
3357,1580.5101048687354
3356,1580.5101048687354
3355,1580.512380538685
3354,1581.7031603099244
3353,1582.1950515481512
3352,1582.7646735597607
3351,1583.0152282152183
3350,1583.520462919837
3349,1583.5284881222278
3348,1583.6451185577707
3347,1583.6451185577707
3346,1583.6451185577707
3345,1583.7612698863522
3344,1584.242546577955
3343,1584.3071901774128
3342,1586.249844740449
3341,1586.3191598662393
3340,1586.672154987324
3339,1587.8344398514628
3338,1589.0973162060557
3337,1589.1001963671836
3336,1589.3366223710748
3335,1589.3399108449373
3334,1589.4515112541644
3333,1589.6607866031552
3332,1591.975518095444
3331,1592.1070391028225
3330,1592.3612211584202
3329,1592.4890320770332
3328,1592.8064082026153
3327,1593.899601243238
3326,1594.495505806374
3325,1595.2094160417964
3324,1595.2103138415462
3323,1595.220631765761
3322,1595.7600148607164
3321,1597.2568845124697
3320,1597.5066656481984
3319,1597.5994361951034
3318,1597.7982118490434
3317,1597.9300509707384
3316,1597.9300509707384
3315,1597.951582319098
3314,1599.147983921261
3313,1599.149253621837
3312,1599.4744302785277
3311,1599.4752481246628
3310,1599.9332002514525
3309,1599.9332002514525
3308,1599.9897326935868
3307,1599.9916346436007
3306,1600.0755363172032
3305,1600.7818933220578
3304,1600.9970263058901
3303,1601.186544718937
3302,1601.4395355170116
3301,1601.6091425501968
3300,1601.6091425501968
3299,1602.3068326322118
3298,1602.621722421401
3297,1602.6263860055508
3296,1602.7088235161941
3295,1602.8179173818198
3294,1602.819375932221
3293,1602.819375932221
3292,1602.886831394511
3291,1602.9416683571956
3290,1602.9461730142464
3289,1602.9479934986846
3288,1603.5261423828226
3287,1603.555809244762
3286,1603.6937647337575
3285,1603.9397574852712
3284,1605.8476115380095
3283,1606.492706606705
3282,1606.9054016640523
3281,1606.9086723946646
3280,1606.9170633383308
3279,1608.3020930452228
3278,1608.7984388703933
3277,1608.897262660032
3276,1608.9415167026532
3275,1611.3392699103879
3274,1612.8786180212082
3273,1613.7430042702829
3272,1613.8964406183406
3271,1614.8682539629378
3270,1614.8682539629378
3269,1614.914431277414
3268,1615.000956127967
3267,1615.1910903872438
3266,1615.1917915290023
3265,1615.4063024482423
3264,1615.4318420849665
3263,1615.7942218286453
3262,1615.8537432428323
3261,1615.8606762410377
3260,1616.0995984478188
3259,1616.3148100290575
3258,1616.8323501703119
3257,1617.2901568847303
3256,1617.2901568847303
3255,1617.7546133715032
3254,1617.8597152215896
3253,1617.9329380553827
3252,1618.7763713027998
3251,1618.781439309803
3250,1621.0372445743324
3249,1621.1570218266725
3248,1621.2661147856506
3247,1621.6545589028028
3246,1621.670911805345
3245,1622.3024273148362
3244,1622.3032204102103
3243,1622.3309402295538
3242,1622.3314483317235
3241,1622.9179468312498
3240,1623.0076592216215
3239,1624.5255695956537
3238,1625.1339116968034
3237,1625.4563528898866
3236,1626.44050230514
3235,1626.4804898783816
3234,1626.4804898783816
3233,1626.4900695439378
3232,1626.490289263795
3231,1626.6067902818743
3230,1626.698366562473
3229,1626.698366562473
3228,1626.6992202656684
3227,1626.7078364110355
3226,1627.0484282234918
3225,1627.1336058138406
3224,1627.1444964530772
3223,1627.5198580683884
3222,1627.9010630911198
3221,1628.2244545920335
3220,1628.3834997394847
3219,1628.5724014006228
3218,1628.6812245057306
3217,1629.051501391074
3216,1629.9897796734244
3215,1630.3377630434095
3214,1630.3733469498886
3213,1630.514490789442
3212,1630.642709428202
3211,1630.6488499165398
3210,1630.6488499165398
3209,1630.6529638379566
3208,1631.7041788576219
3207,1634.4076112088492
3206,1634.6048002900384
3205,1634.60881101664
3204,1634.7424813449877
3203,1634.843012852208
3202,1634.9386760498674
3201,1634.9386760498674
3200,1636.9526566053305
3199,1637.3250675720635
3198,1637.4378679032352
3197,1637.4378679032352
3196,1637.4378679032352
3195,1637.6365461904854
3194,1637.8768038563173
3193,1637.8768038563173
3192,1637.8768038563173
3191,1638.3168253272338
3190,1638.4415325261193
3189,1638.564146100682
3188,1638.564146100682
3187,1638.8161452499844
3186,1638.9423148155925
3185,1638.947496108775
3184,1640.2565239739276
3183,1640.2663526229558
3182,1641.1371471426544
3181,1641.491735530514
3180,1641.491735530514
3179,1641.922662237132
3178,1641.928750526151
3177,1642.0523297885127
3176,1642.0544861249589
3175,1642.0544861249589
3174,1642.0632226162236
3173,1642.0981369766473
3172,1642.9341193356736
3171,1643.429919567377
3170,1643.5233598834127
3169,1643.5430581411501
3168,1643.580716795123
3167,1643.9497368895095
3166,1644.1262784149653
3165,1644.2386650530145
3164,1644.2480002000968
3163,1648.3403413983826
3162,1648.390334231748
3161,1649.1691132613169
3160,1649.7621652635214
3159,1650.309917697319
3158,1650.309917697319
3157,1650.3856958387103
3156,1650.4088855469645
3155,1651.3674829601182
3154,1652.256691526018
3153,1652.275630036926
3152,1652.3115074012367
3151,1653.5193922638846
3150,1653.5307182230883
3149,1653.5424935944104
3148,1653.686630307789
3147,1653.9484106492564
3146,1653.9720811119685
3145,1653.9731580226376
3144,1654.1254906216047
3143,1654.3536126692088
3142,1654.3536126692088
3141,1654.6452078654822
3140,1654.7657015395082
3139,1655.531458070744
3138,1655.745759574263
3137,1655.8160809810586
3136,1656.0451740862018
3135,1656.0772330463064
3134,1656.0805171000338
3133,1656.779127669591
3132,1657.1942149952567
3131,1657.1942149952567
3130,1657.5676469029195
3129,1657.9663494972085
3128,1657.9987112743024
3127,1658.0790950933315
3126,1658.09803005001
3125,1658.448410861829
3124,1658.448410861829
3123,1658.6399393930085
3122,1658.6399823342902
3121,1658.648070477265
3120,1658.648070477265
3119,1658.763754667575
3118,1658.77417644498
3117,1658.8640894848843
3116,1658.9242978457792
3115,1659.193308583212
3114,1659.339062945494
3113,1659.339062945494
3112,1659.3690961442148
3111,1659.3831641884565
3110,1659.3831641884565
3109,1661.4038752994027
3108,1661.7406636655899
3107,1663.3467989765338
3106,1663.5751564105676
3105,1663.7984574486084
3104,1663.8825395220097
3103,1666.4940624506971
3102,1666.942847946408
3101,1666.9494127607554
3100,1667.175574988075
3099,1667.1877351089208
3098,1668.1572154023436
3097,1670.433180846933
3096,1670.5128439696111
3095,1670.5128617709884
3094,1670.671004275656
3093,1670.8117025866084
3092,1672.0157928604501
3091,1672.250947004975
3090,1673.9949165404341
3089,1674.0564772768503
3088,1675.2744838369886
3087,1675.962102120731
3086,1675.9658779821552
3085,1676.7096659567842
3084,1677.7248482682294
3083,1677.7279275068827
3082,1678.1243951603076
3081,1678.9472563913773
3080,1678.951647093827
3079,1679.5706860747252
3078,1679.8662279486427
3077,1679.9771638765947
3076,1679.9771638765947
3075,1681.1745772095146
3074,1681.1911712006802
3073,1681.3970185805547
3072,1681.6441611831735
3071,1681.6441611831735
3070,1681.791403194598
3069,1681.931184233058
3068,1681.992826104949
3067,1682.2595081545828
3066,1682.335065244797
3065,1682.3422450133382
3064,1682.5513333621025
3063,1682.8202665593242
3062,1682.8253959717047
3061,1683.3120691700526
3060,1683.6854957728074
3059,1684.6858835065648
3058,1685.7815705286955
3057,1685.7869582862886
3056,1685.9343854313604
3055,1686.1695725133097
3054,1686.236370252962
3053,1686.238776795731
3052,1686.238776795731
3051,1686.2526469921825
3050,1688.316947910442
3049,1689.1756858420306
3048,1689.2898944698234
3047,1689.428612467802
3046,1689.4354761194238
3045,1689.6573125977227
3044,1690.6495653910001
3043,1690.6638853590023
3042,1691.259777528157
3041,1691.259777528157
3040,1691.2729365975658
3039,1691.730337706106
3038,1691.730337706106
3037,1691.8839749760616
3036,1692.4523744115927
3035,1692.7006216823743
3034,1693.508790732545
3033,1693.535190054147
3032,1693.7345078837309
3031,1693.7510448762175
3030,1694.063134766776
3029,1694.7530040110548
3028,1694.7585118298557
3027,1694.8958705021287
3026,1695.7379395870698
3025,1695.7402274963742
3024,1695.7653528877584
3023,1696.012302151113
3022,1696.0178118299764
3021,1697.3868822426257
3020,1697.4578976781809
3019,1697.468325445278
3018,1698.2306851474118
3017,1698.2306851474118
3016,1698.786877167976
3015,1698.8734762183701
3014,1699.235089167008
3013,1699.6643348216953
3012,1701.4430826490009
3011,1701.4829334330389
3010,1701.4829334330389
3009,1701.9252934344972
3008,1704.497322659134
3007,1705.3450963442228
3006,1705.3905720490802
3005,1705.3905720490802
3004,1705.3946986626477
3003,1705.409010790689
3002,1706.6842988582252
3001,1706.8775589195418
3000,1707.7918902583983
2999,1707.8138676270582
2998,1707.8138676270582
2997,1709.6043757382881
2996,1709.6068926205328
2995,1709.7331522482473
2994,1709.7383568167875
2993,1709.9239379204994
2992,1710.608902169894
2991,1711.101302173107
2990,1711.1035970249484
2989,1711.1052998538414
2988,1712.3289461572992
2987,1712.3391003040924
2986,1712.3714335036873
2985,1714.8734882996998
2984,1715.0013326272874
2983,1715.1220489821758
2982,1715.1220489821758
2981,1715.127992055551
2980,1715.132144695459
2979,1715.859595846898
2978,1716.771842462286
2977,1716.97745018274
2976,1717.2868876784737
2975,1718.7820791930656
2974,1720.7021711786263
2973,1720.7130093110657
2972,1720.7130093110657
2971,1720.789997928188
2970,1721.6211025122993
2969,1721.6933654448521
2968,1722.3566674641809
2967,1722.7041038760733
2966,1722.7041038760733
2965,1723.0087110368195
2964,1723.2536935649023
2963,1724.1763499062224
2962,1724.1792092288401
2961,1724.30113982148
2960,1725.3735948547644
2959,1725.643669130245
2958,1725.7507157457794
2957,1726.550792464706
2956,1726.556058112117
2955,1728.1574544075463
2954,1728.4025071810024
2953,1728.4115271388896
2952,1728.4147587863959
2951,1728.7274840780653
2950,1728.9938428860085
2949,1729.435152720087
2948,1729.9588723876936
2947,1729.9616005759203
2946,1730.0644418701152
2945,1730.9330883163534
2944,1730.9366050983292
2943,1730.9366050983292
2942,1731.9141896268745
2941,1733.8516236909545
2940,1733.8544457178702
2939,1734.928092960911
2938,1734.971076240301
2937,1734.9769286356398
2936,1735.3305227845917
2935,1735.569536566392
2934,1735.6306954497925
2933,1735.9859079056835
2932,1736.294097512318
2931,1737.0301369163687
2930,1737.3959470749132
2929,1737.9309965854243
2928,1738.0298582646817
2927,1738.0298582646817
2926,1738.9517847308805
2925,1739.1902253767196
2924,1739.4654070071272
2923,1739.7194164083348
2922,1740.0467805168644
2921,1740.0699079064266
2920,1740.081303330964
2919,1740.0847544149585
2918,1740.1843777845786
2917,1740.198001517341
2916,1741.119320717774
2915,1741.119320717774
2914,1742.893512658756
2913,1742.90908623479
2912,1743.3332915660749
2911,1743.6314574122691
2910,1744.457728421821
2909,1744.6267817041771
2908,1744.6267817041771
2907,1744.6497277638944
2906,1745.1173574272818
2905,1745.8788102796555
2904,1746.1575321623916
2903,1746.1920607452091
2902,1746.1920607452091
2901,1746.1930492599852
2900,1748.180512246507
2899,1748.2989205940487
2898,1748.3213220812738
2897,1748.4346234530315
2896,1750.4590669419183
2895,1750.5356883770828
2894,1750.6923968252872
2893,1752.160471065334
2892,1752.2412845770496
2891,1752.3587925359955
2890,1752.9581086692936
2889,1753.534232815915
2888,1753.534232815915
2887,1753.6105414251306
2886,1753.6213553376363
2885,1753.699518514217
2884,1753.9614319644134
2883,1754.361270234406
2882,1754.4563435582074
2881,1754.4795906597205
2880,1755.0816342997252
2879,1755.0865184890504
2878,1755.1178584431548
2877,1755.7889275472112
2876,1756.0403027674913
2875,1756.1194541010364
2874,1756.1213638327952
2873,1756.1696288093058
2872,1757.5799580084256
2871,1757.5799580084256
2870,1758.4735018131328
2869,1758.4777617844472
2868,1759.143850147221
2867,1759.1455917576861
2866,1759.1473490079327
2865,1759.353409853373
2864,1759.8320770651721
2863,1760.0510853295323
2862,1760.076534911586
2861,1762.2565184205373
2860,1762.3223347942137
2859,1762.7412684727292
2858,1762.7412684727292
2857,1762.7421664250621
2856,1764.1393384855116
2855,1764.156099109103
2854,1765.490289759885
2853,1765.490289759885
2852,1765.6892776910338
2851,1766.7972228437318
2850,1767.3161400851147
2849,1767.8282157016595
2848,1767.9247905992029
2847,1768.192143156366
2846,1768.3290885127833
2845,1769.480289262623
2844,1769.480289262623
2843,1769.5926043687966
2842,1769.5962150984496
2841,1770.592090128269
2840,1770.5959447077278
2839,1770.5993075332203
2838,1770.5993075332203
2837,1770.5993075332203
2836,1770.6412876292989
2835,1770.6412876292989
2834,1771.1341717697571
2833,1772.7460233019888
2832,1772.7586455221506
2831,1772.8392914976855
2830,1772.843585495061
2829,inf
