0,43,457.0
0,54,1663.0
0,57,1460.0
0,60,813.0
0,87,1562.0
0,94,644.0
0,106,1460.0
0,164,811.0
0,203,887.0
0,206,789.0
0,263,844.5
0,268,740.0
1,21,470.0
1,40,661.0
1,43,833.0
1,57,817.0
1,77,1574.0
1,83,1460.0
1,146,869.5
1,156,1537.0
1,170,740.0
1,214,775.5
1,218,616.0
1,311,478.4
2,55,1524.0
2,76,1580.0
2,77,1776.0
2,89,664.75
2,138,377.6
2,147,537.6666666666666
2,195,878.0
2,199,753.0
2,201,544.6666666666666
2,219,844.5
2,224,359.2
2,258,633.6666666666666
2,261,761.5
2,271,606.0
2,276,1503.0
2,299,540.3333333333334
2,330,817.0
3,9,1644.0
3,20,478.6
3,48,1034.0
3,55,1561.0
3,80,1563.0
3,111,602.0
3,129,636.6666666666666
3,132,753.5
3,133,1736.0
3,158,427.0
3,175,599.0
3,180,871.0
3,212,806.5
3,214,859.5
3,218,871.0
3,235,777.0
3,250,771.5
3,251,834.0
3,255,968.5
3,271,1488.0
4,64,1570.0
4,103,1613.0
4,119,319.8571428571429
4,123,271.27272727272725
4,155,1590.0
4,179,1615.0
4,183,1513.0
4,192,1585.0
4,208,845.0
4,229,1579.0
4,254,1460.0
5,8,306.5
5,67,815.0
5,74,892.0
5,89,551.0
5,107,445.75
5,125,686.3333333333333
5,193,791.0
5,248,159.61111111111111
5,298,1582.0
6,2,1598.0
6,8,560.0
6,29,905.5
6,38,554.6666666666666
6,76,1684.0
6,89,883.5
6,130,540.3333333333334
6,139,846.5
6,140,621.3333333333333
6,224,753.5
6,231,880.5
6,233,539.3333333333334
6,243,580.6666666666666
6,268,1527.0
6,295,572.0
6,324,767.0
7,4,526.0
7,9,841.5
7,15,431.75
7,31,1523.0
7,51,611.6666666666667
7,59,249.5833333333333
7,93,1589.0
7,94,441.25
7,127,842.0
7,135,543.1666666666667
7,163,1516.0
7,186,1549.0
7,195,1568.0
7,211,995.5
7,215,1673.0
7,220,1560.0
7,233,419.0
7,248,1523.0
7,263,867.0
7,303,1558.0
8,23,390.4
8,63,1531.0
8,66,571.6666666666666
8,68,633.0
8,99,1594.0
8,120,418.75
8,122,1460.0
8,210,1655.0
8,222,417.5
8,272,1460.0
8,273,740.0
8,301,1525.0
8,324,560.75
9,2,413.5
9,22,1527.0
9,37,911.5
9,57,293.3333333333333
9,78,267.0
9,92,363.4285714285714
9,94,340.0
9,125,1521.0
9,145,1482.0
9,157,1460.0
9,192,570.3333333333334
9,201,771.0
9,236,473.75
9,244,1611.0
9,249,1749.0
9,258,557.3333333333334
9,283,740.0
9,293,828.0
9,294,428.25
9,304,563.3333333333334
9,306,1460.0
9,326,424.8
10,17,319.0
10,18,288.55555555555554
10,37,844.0
10,65,352.8571428571429
10,89,447.75
10,123,853.5
10,133,1460.0
10,134,781.5
10,177,647.0
10,196,479.5
10,238,766.5
11,21,527.0
11,66,1578.0
11,101,596.3333333333333
11,107,1542.0
11,128,1460.0
11,141,913.0
11,156,791.5
11,163,787.5
11,213,502.5
11,240,815.5
11,251,517.5
11,252,1543.0
11,260,320.25
11,316,1626.0
11,317,441.4
11,319,420.25
12,3,1622.0
12,45,788.5
12,54,1460.0
12,58,1552.0
12,64,1573.0
12,67,420.75
12,87,550.6666666666666
12,88,1584.0
12,100,1711.0
12,151,1655.0
12,167,1638.0
12,199,1592.0
12,203,545.2
12,214,558.6666666666666
12,218,315.3333333333333
12,265,368.22222222222223
12,277,740.0
12,288,209.3846153846154
13,57,634.8
13,95,1550.0
13,117,1539.0
13,127,1595.0
13,135,882.5
13,206,306.0
13,216,1526.0
13,285,1499.0
13,311,178.0
13,323,788.5
13,330,282.55555555555554
14,3,1511.0
14,4,1569.0
14,31,1585.0
14,47,918.0
14,51,815.5
14,61,1642.0
14,121,1683.0
14,122,1586.0
14,125,587.3333333333334
14,153,805.5
14,178,1574.0
14,227,581.3333333333334
14,233,211.69230769230768
14,257,1500.0
14,271,300.625
15,10,621.0
15,13,430.2857142857143
15,25,783.0
15,27,1583.0
15,34,347.0
15,58,821.0
15,186,409.5555555555556
15,189,1624.0
15,190,770.0
15,205,1526.0
15,238,1753.0
15,242,393.5
15,278,1507.0
15,312,1460.0
15,318,796.0
15,322,884.0
16,15,266.0
16,29,250.41666666666669
16,44,809.0
16,50,305.1428571428572
16,58,778.5
16,99,491.2
16,125,1557.0
16,155,434.4
16,162,1565.0
16,185,778.0
16,217,906.0
16,232,310.1428571428572
16,247,580.6666666666666
16,248,1525.0
16,311,879.5
16,326,533.6666666666666
17,2,299.3333333333333
17,24,1566.0
17,32,590.3333333333333
17,34,401.25
17,95,587.0
17,133,436.5
17,159,813.5
17,171,1502.0
17,175,1621.0
17,187,394.33333333333337
17,193,590.3333333333333
17,201,751.5
17,225,1747.0
17,261,1543.0
17,303,442.25
17,324,325.7
17,327,431.75
18,26,270.2857142857143
18,28,1632.0
18,72,422.25
18,92,770.0
18,116,783.5
18,127,395.5
18,181,381.6
18,211,1517.0
18,260,824.5
18,287,457.0
19,4,814.0
19,7,403.75
19,18,902.0
19,24,227.3333333333333
19,31,852.0
19,53,1577.0
19,81,765.0
19,100,291.0
19,105,510.6666666666667
19,126,521.75
19,138,804.5
19,142,1512.0
19,173,1617.0
19,183,535.3333333333334
19,188,463.25
19,226,908.0
19,280,624.0
19,282,1605.0
19,287,1507.0
19,316,264.9090909090909
19,322,1496.0
19,324,276.7142857142857
20,32,284.42857142857144
20,79,333.8
20,105,1627.0
20,121,843.5
20,130,846.0
20,179,576.75
20,186,1612.0
20,191,548.3333333333334
20,206,426.25
20,210,610.0
20,222,317.7142857142857
20,233,1574.0
20,235,1581.0
20,244,1489.0
20,266,926.5
20,278,1500.0
21,37,1460.0
21,82,299.7
21,94,260.0
21,114,566.25
21,148,294.9
21,167,784.5
21,170,1460.0
21,188,1554.0
21,203,1460.0
21,236,575.6666666666666
21,237,803.5
21,251,1553.0
21,252,1544.0
21,261,884.0
21,294,557.3333333333334
21,314,586.6666666666666
22,12,208.72727272727272
22,16,867.0
22,55,1527.0
22,86,823.0
22,104,413.6
22,105,422.0
22,138,1601.0
22,152,799.0
22,158,1550.0
22,169,829.0
22,203,1460.0
22,259,265.8571428571429
22,261,1581.0
22,301,841.0
22,312,949.5
22,321,407.5
23,9,1688.0
23,22,773.0
23,40,1618.0
23,55,1602.0
23,72,706.6666666666666
23,89,242.8
23,100,780.0
23,136,303.0
23,152,435.75
23,165,1621.0
23,178,843.0
23,195,536.6666666666666
23,198,337.1111111111111
23,231,822.5
23,240,783.0
23,256,1491.0
23,260,1641.0
23,271,796.5
23,295,811.5
23,297,1549.0
23,304,1793.0
23,322,789.0
24,26,468.8
24,84,763.0
24,100,482.2
24,220,1566.0
24,242,414.75
24,257,840.5
24,292,527.3333333333333
24,319,376.0
25,39,475.5714285714286
25,41,504.5
25,54,787.0
25,66,844.5
25,136,1584.0
25,149,1460.0
25,156,260.57142857142856
25,162,1557.0
25,183,869.5
25,265,360.0
25,286,1637.0
25,304,1460.0
25,310,423.75
25,322,524.75
25,326,286.6666666666667
26,41,1531.0
26,59,1609.0
26,71,431.75
26,95,1460.0
26,154,278.08333333333337
26,166,335.08333333333326
26,212,827.5
26,238,531.6666666666667
26,247,1604.0
26,284,251.7272727272727
26,285,784.0
26,294,286.0
27,15,404.7142857142857
27,21,1594.0
27,37,1540.0
27,57,776.0
27,131,425.25
27,144,428.6
27,175,450.5
27,213,546.3333333333334
27,227,844.0
27,246,272.3125
27,268,667.6666666666666
27,271,644.0
27,315,900.5
27,327,542.0
28,1,1611.0
28,9,1502.0
28,45,1668.0
28,120,565.3333333333334
28,122,452.1666666666666
28,123,1460.0
28,153,781.5
28,155,534.3333333333334
28,190,978.0
28,208,543.0
28,209,537.3333333333334
28,220,350.2
28,253,1561.0
28,258,659.3333333333334
28,312,554.75
28,322,766.0
29,5,1619.0
29,8,1657.0
29,43,786.0
29,82,537.0
29,92,895.5
29,112,801.5
29,152,576.0
29,170,517.25
29,176,356.4
29,182,1590.0
29,208,812.5
29,214,1584.0
29,217,1584.0
29,223,740.0
29,224,289.33333333333337
29,252,452.5
29,268,1519.0
29,270,1731.0
29,293,274.27272727272725
29,308,1524.0
30,36,483.8888888888889
30,43,740.0
30,46,1487.0
30,67,416.8
30,77,438.5
30,85,410.8
30,96,419.25
30,123,376.7142857142857
30,129,1621.0
30,168,1553.0
30,183,1500.0
30,210,628.3333333333334
30,305,1506.0
31,58,531.0
31,76,783.0
31,117,500.0
31,128,1564.0
31,158,427.0
31,232,233.77777777777777
31,242,169.93333333333334
31,270,1539.0
31,287,248.0
31,307,1460.0
32,13,836.5
32,36,1741.0
32,45,232.4
32,55,860.0
32,100,1460.0
32,135,797.5
32,138,1532.0
32,228,534.3333333333334
32,234,526.6666666666667
32,248,349.0
32,251,1507.0
32,254,1665.0
32,258,453.25
32,269,1511.0
32,275,1460.0
32,283,1502.0
32,313,323.66666666666663
32,321,549.0
33,49,1655.0
33,83,1562.0
33,88,802.0
33,133,791.0
33,152,545.3333333333334
33,207,1528.0
33,215,588.0
33,216,1616.0
33,230,1460.0
33,235,451.25
33,257,599.6666666666667
33,265,763.0
33,284,841.5
33,295,1592.0
33,305,1608.0
34,40,1592.0
34,82,603.3333333333333
34,104,1654.0
34,106,813.0
34,114,326.3333333333333
34,123,283.0
34,128,1593.0
34,144,1460.0
34,198,1460.0
34,203,1653.0
34,219,1658.0
34,243,398.8
34,275,1009.0
34,282,315.7142857142857
34,293,431.25
34,310,318.2857142857143
34,329,418.6666666666666
35,28,1566.0
35,61,822.5
35,71,1746.0
35,81,852.0
35,129,537.6666666666666
35,154,1605.0
35,158,797.5
35,159,400.6666666666666
35,186,836.0
35,196,577.3333333333334
35,235,1510.0
35,279,878.5
35,304,1560.0
35,329,264.8571428571429
36,19,539.0
36,53,566.0
36,61,830.0
36,66,1717.0
36,107,439.0
36,114,343.0
36,132,529.75
36,175,670.6666666666666
36,176,1612.0
36,183,879.5
36,224,373.7142857142857
36,227,590.3333333333333
36,263,557.0
36,269,705.6666666666666
36,307,1616.0
36,320,1602.0
36,322,1693.0
37,30,798.5
37,51,1608.0
37,87,1551.0
37,93,1748.0
37,95,271.55555555555554
37,100,842.0
37,141,492.0
37,153,701.3333333333333
37,174,785.5
37,258,771.5
38,5,845.5
38,30,540.3333333333334
38,34,321.375
38,35,1605.0
38,50,380.7142857142857
38,52,872.5
38,78,582.3333333333334
38,92,755.5
38,105,426.2
38,107,899.0
38,139,576.6666666666666
38,173,1590.0
38,215,802.5
38,225,241.0
38,264,784.0
38,288,1697.0
38,313,260.5
38,315,1620.0
39,14,299.0
39,15,598.3333333333333
39,53,1658.0
39,58,873.0
39,77,282.6363636363636
39,137,487.83333333333326
39,156,355.0
39,188,1586.0
39,198,264.3529411764706
39,201,1632.0
39,205,560.0
39,224,771.5
39,259,1606.0
39,296,1588.0
40,53,764.0
40,63,242.7333333333333
40,71,842.5
40,109,370.4285714285714
40,130,269.8461538461538
40,138,577.3333333333334
40,174,462.0
40,181,637.3333333333334
40,216,1585.0
40,227,1006.0
40,231,259.875
40,245,762.0
40,257,338.1666666666667
40,268,332.125
40,306,1595.0
40,312,776.0
41,17,830.5
41,21,507.25
41,26,613.3333333333333
41,43,577.3333333333334
41,58,621.0
41,64,1528.0
41,68,1639.0
41,90,499.75
41,118,435.6
41,136,500.0
41,140,904.5
41,173,866.5
41,184,1799.0
41,198,872.5
41,222,509.3333333333333
41,259,1705.0
41,269,1016.0
42,56,816.0
42,80,1608.0
42,84,1512.0
42,118,421.25
42,135,601.0
42,144,430.25
42,155,823.5
42,166,782.5
42,263,240.125
42,264,1560.0
42,272,282.5
42,289,506.0
42,306,764.5
42,313,357.6
42,320,1460.0
43,0,1036.0
43,4,290.42857142857144
43,20,531.0
43,25,1758.0
43,30,960.5
43,102,362.8571428571429
43,159,1571.0
43,194,546.0
43,263,877.5
43,282,773.5
43,318,951.5
44,5,384.0
44,51,375.8
44,76,871.5
44,85,1460.0
44,91,776.5
44,102,1639.0
44,106,619.6666666666667
44,146,817.5
44,166,560.0
44,220,1535.0
44,227,410.33333333333337
44,257,266.2857142857143
44,263,1460.0
44,299,265.22222222222223
44,301,1460.0
45,30,1460.0
45,63,1460.0
45,68,500.75
45,73,1527.0
45,81,1652.0
45,87,1507.0
45,149,791.5
45,160,1715.0
45,161,1700.0
45,180,1516.0
45,213,1460.0
45,237,433.0
45,238,872.0
45,257,800.0
45,287,1541.0
45,329,320.25
46,20,789.5
46,22,1600.0
46,39,528.0
46,44,1546.0
46,48,1460.0
46,113,1833.0
46,123,1666.0
46,170,309.3333333333333
46,193,375.6
46,195,302.1
46,207,318.58333333333337
46,213,862.0
46,229,512.75
46,255,905.0
46,274,1540.0
46,293,261.0
47,28,455.0
47,46,1614.0
47,71,679.0
47,92,624.6666666666667
47,107,1616.0
47,119,999.0
47,155,816.0
47,180,781.0
47,192,1636.0
47,196,253.25
47,224,1617.0
47,235,900.5
47,247,1460.0
47,265,1526.0
47,283,804.0
47,285,456.25
47,291,437.5
47,326,1481.0
47,329,415.5714285714286
48,29,1773.0
48,34,1706.0
48,141,1648.0
48,149,1548.0
48,176,1535.0
48,181,410.5
48,211,950.0
48,226,1574.0
48,269,684.3333333333333
48,275,322.0
48,283,369.8
48,298,780.5
48,303,759.5
48,309,827.5
48,313,296.6
49,62,740.0
49,65,618.6666666666667
49,100,1460.0
49,109,1493.0
49,136,193.45454545454544
49,146,451.5
49,157,861.0
49,171,1721.0
49,190,859.0
49,204,812.0
49,217,761.5
49,279,356.0
49,293,642.3333333333334
49,311,534.0
49,318,691.0
50,6,543.6666666666666
50,65,563.3333333333334
50,155,1590.0
50,198,819.5
50,229,1676.0
50,248,1579.0
50,293,233.5333333333333
51,7,1479.0
51,43,1619.0
51,54,1567.0
51,58,837.5
51,60,764.5
51,90,1460.0
51,98,626.0
51,139,405.0
51,164,573.3333333333334
51,165,1676.0
51,171,1654.0
51,173,430.2
51,178,339.2
51,190,882.0
51,192,1619.0
51,209,893.5
51,250,793.5
51,285,317.125
51,310,1553.0
51,317,611.6666666666667
51,328,1583.0
52,14,1631.0
52,25,786.5
52,67,438.75
52,78,313.375
52,84,799.0
52,85,1621.0
52,111,877.5
52,133,1668.0
52,157,623.6666666666667
52,164,1533.0
52,165,315.2857142857143
52,167,382.33333333333326
52,259,851.0
52,277,290.6363636363636
52,298,833.5
52,303,1620.0
52,310,1495.0
52,320,1577.0
52,330,888.0
53,4,346.3333333333333
53,71,1691.0
53,75,803.5
53,78,1493.0
53,105,740.0
53,122,768.6666666666667
53,133,306.75
53,176,555.6666666666666
53,179,594.0
53,185,922.0
53,195,472.83333333333326
53,235,752.5
53,236,522.3333333333333
53,240,1512.0
53,285,808.0
53,297,489.75
53,300,1460.0
53,317,957.5
54,10,1589.0
54,15,881.0
54,38,494.0
54,39,363.0
54,117,659.6666666666666
54,119,1559.0
54,127,553.25
54,131,851.0
54,135,524.3333333333333
54,140,806.0
54,153,430.4
54,162,819.5
54,181,1061.0
54,211,328.0
54,216,880.5
54,237,1710.0
54,263,1569.0
54,273,1460.0
54,309,1729.0
54,316,299.3333333333333
55,29,1580.0
55,35,667.0
55,38,157.77777777777777
55,75,534.25
55,82,552.3333333333334
55,85,787.0
55,102,801.5
55,122,607.0
55,136,256.5
55,206,441.6
55,208,554.3333333333334
55,234,504.4
55,244,885.5
55,247,461.1428571428572
55,248,907.0
55,264,838.0
55,270,1658.0
55,315,569.6666666666666
56,26,424.0
56,32,883.5
56,91,345.8
56,103,264.8888888888889
56,229,249.125
56,253,798.5
56,260,506.0
56,263,850.5
56,299,1565.0
56,321,669.3333333333334
57,29,767.5
57,31,612.3333333333333
57,32,836.0
57,55,264.57142857142856
57,92,345.1666666666667
57,102,894.0
57,111,852.0
57,112,327.33333333333337
57,129,802.0
57,131,1508.0
57,143,804.0
57,147,591.0
57,156,1502.0
57,167,536.6666666666666
57,179,1598.0
57,213,1588.0
57,214,787.0
57,248,499.75
57,249,429.75
57,290,779.0
57,302,413.5
58,15,813.5
58,17,1623.0
58,59,818.5
58,78,1626.0
58,91,1531.0
58,118,789.5
58,128,870.5
58,200,309.9090909090909
58,207,654.3333333333334
58,243,318.0
58,279,1585.0
58,306,380.6666666666667
58,316,524.8
58,322,778.5
59,0,795.0
59,12,1500.0
59,24,982.0
59,52,788.0
59,53,314.3333333333333
59,108,441.75
59,111,1498.0
59,116,794.0
59,132,333.6666666666667
59,134,1460.0
59,159,757.0
59,166,1558.0
59,176,1608.0
59,180,604.0
59,183,874.5
59,193,463.0
59,222,575.0
59,231,669.0
59,265,428.1428571428572
59,272,825.0
59,328,465.75
59,329,817.0
60,15,765.0
60,23,545.0
60,40,312.8333333333333
60,71,784.0
60,103,365.0
60,105,787.0
60,175,1509.0
60,205,525.3333333333333
60,218,224.7692307692308
60,235,1582.0
60,259,1550.0
60,271,543.0
60,277,898.0
61,0,1545.0
61,19,835.5
61,27,607.0
61,58,633.0
61,72,1733.0
61,131,1605.0
61,151,418.33333333333337
61,156,676.6666666666666
61,170,1520.0
61,190,821.5
61,195,340.0
61,231,792.5
61,243,261.44444444444446
61,250,796.0
61,281,500.0
62,5,891.0
62,73,545.0
62,98,1615.0
62,149,684.6666666666666
62,241,900.5
62,276,1752.0
62,287,1742.0
62,299,1510.0
63,12,1685.0
63,41,1615.0
63,82,519.0
63,100,852.5
63,128,1650.0
63,141,546.4
63,142,1579.0
63,156,1578.0
63,158,246.13333333333333
63,222,531.25
63,224,1460.0
63,230,572.0
63,309,366.8
64,13,809.5
64,14,629.3333333333334
64,18,1586.0
64,45,422.0
64,65,897.0
64,76,524.6666666666667
64,145,345.2
64,148,1583.0
64,159,758.0
64,161,1055.5
64,162,1700.0
64,200,828.0
64,220,768.5
64,256,868.0
64,270,776.0
64,279,530.3333333333333
64,280,867.5
64,288,840.5
65,3,746.6666666666666
65,8,306.8571428571429
65,44,1688.0
65,81,1605.0
65,86,539.6666666666666
65,136,1460.0
65,202,1667.0
65,237,278.375
65,245,364.6
65,259,1460.0
65,260,1526.0
65,292,1591.0
65,318,310.3333333333333
65,323,819.0
66,15,336.0
66,34,585.0
66,37,442.6
66,42,1501.0
66,73,1642.0
66,100,1517.0
66,129,348.6
66,182,307.5
66,240,435.2
66,241,790.0
66,274,1651.0
66,283,1460.0
66,321,1570.0
67,9,1730.0
67,58,537.0
67,68,1491.0
67,105,1653.0
67,110,500.75
67,178,368.8
67,253,897.5
67,268,1506.0
67,279,341.3333333333333
67,300,193.5
68,43,922.0
68,62,523.5
68,102,1501.0
68,138,578.3333333333334
68,169,808.5
68,172,811.0
68,175,1460.0
68,220,1561.0
68,265,396.25
68,274,425.0
68,276,1520.0
68,288,603.0
68,309,1573.0
69,1,1604.0
69,9,768.5
69,11,1541.0
69,15,570.75
69,52,1633.0
69,133,893.0
69,143,1517.0
69,148,1570.0
69,162,927.0
69,169,1738.0
69,190,380.0
69,232,1491.0
69,271,212.27272727272728
69,281,553.0
69,298,794.5
69,302,612.3333333333333
70,39,1567.0
70,43,869.0
70,63,234.7
70,77,815.5
70,93,774.5
70,108,970.0
70,109,1625.0
70,137,413.75
70,149,1625.0
70,179,208.0
70,206,1606.0
70,236,1616.0
70,237,646.6666666666666
70,249,787.0
70,282,1584.0
70,285,423.0
71,21,1767.0
71,28,1616.0
71,51,609.8
71,56,875.5
71,57,791.0
71,125,869.5
71,128,1460.0
71,156,209.53846153846155
71,212,237.66666666666669
71,245,810.5
71,249,565.0
71,269,829.5
71,270,1460.0
71,298,791.5
71,302,558.0
71,316,1547.0
72,40,740.0
72,48,535.0
72,58,462.75
72,122,134.55
72,166,124.42857142857142
72,179,572.0
72,210,250.875
72,224,518.0
72,234,1543.0
72,268,755.6666666666666
72,272,756.0
72,274,1628.0
72,305,387.25
72,328,367.2
73,2,150.95
73,6,1579.0
73,136,479.75
73,138,517.75
73,158,249.5
73,172,188.25
73,212,428.83333333333337
73,222,848.5
73,238,604.6666666666667
73,242,352.4
73,277,1555.0
73,284,1654.0
73,295,1540.0
73,300,456.4285714285714
73,308,1562.0
73,320,335.625
74,71,1460.0
74,106,523.3333333333333
74,108,1602.0
74,127,1485.0
74,156,367.6
74,188,559.0
74,213,1695.0
74,219,1701.0
74,229,1820.0
74,234,1538.0
74,264,1628.0
74,269,1654.0
74,278,1637.0
74,279,618.6666666666667
74,292,563.3333333333334
74,322,947.0
74,327,305.0
75,11,923.5
75,45,269.77777777777777
75,55,802.5
75,100,221.0909090909091
75,122,789.0
75,145,776.5
75,158,203.0769230769231
75,213,838.5
75,284,373.6666666666667
75,287,346.6
75,290,526.0
75,300,1536.0
76,4,1515.0
76,13,1555.0
76,63,1636.0
76,91,695.6666666666666
76,95,609.0
76,116,537.3333333333334
76,128,596.0
76,133,698.0
76,148,761.0
76,157,911.0
76,166,1590.0
76,180,397.8
76,183,354.3333333333333
76,192,551.0
76,226,1611.0
76,234,1615.0
76,267,841.0
77,4,1536.0
77,39,866.5
77,71,1506.0
77,117,436.75
77,125,808.0
77,143,195.3
77,176,1693.0
77,225,559.0
77,231,906.0
77,276,304.3333333333333
78,0,766.5
78,8,1512.0
78,13,968.5
78,30,392.0
78,98,552.75
78,127,587.3333333333334
78,134,785.5
78,142,474.75
78,172,535.6666666666666
78,200,880.5
78,204,606.6666666666667
78,225,1460.0
78,237,207.5
78,247,933.0
78,268,362.4
78,277,1512.0
78,294,1576.0
79,8,1669.0
79,38,806.5
79,102,814.5
79,123,783.5
79,135,435.5
79,144,1533.0
79,148,740.0
79,195,238.88888888888889
79,221,1548.0
79,235,358.0
79,241,811.5
79,256,842.5
79,267,805.5
79,275,680.6666666666666
79,301,443.4
79,320,184.7
80,13,816.5
80,27,646.3333333333334
80,97,869.0
80,157,812.5
80,182,232.22222222222223
80,199,405.1666666666666
80,216,831.5
80,225,721.3333333333333
80,240,775.0
80,246,864.0
80,250,527.4
80,255,822.5
80,275,334.0
80,322,1500.0
81,28,464.6
81,34,528.0
81,36,370.33333333333326
81,103,551.3333333333334
81,116,1573.0
81,128,459.25
81,131,1616.0
81,139,424.5
81,162,937.5
81,198,1510.0
81,218,1518.0
81,225,853.0
81,238,373.8333333333333
82,5,395.0
82,109,272.42857142857144
82,156,548.6666666666666
82,226,1773.0
82,243,807.5
82,244,1611.0
82,320,798.5
83,5,468.1666666666666
83,27,1568.0
83,30,567.3333333333334
83,79,324.8
83,93,453.9090909090909
83,104,489.75
83,136,1522.0
83,137,840.5
83,215,340.57142857142856
83,227,618.0
83,229,563.0
83,249,1642.0
83,270,1522.0
84,0,1582.0
84,14,246.5
84,44,1602.0
84,52,1567.0
84,85,1606.0
84,96,1545.0
84,119,1615.0
84,129,766.0
84,138,1537.0
84,141,820.0
84,175,248.7692307692308
84,205,1489.0
84,206,1811.0
84,233,940.0
85,32,308.2857142857143
85,42,1638.0
85,62,600.4
85,81,593.0
85,167,1582.0
85,178,359.0
85,223,265.38461538461536
85,241,1006.5
86,2,857.0
86,19,869.5
86,65,1528.0
86,69,910.0
86,73,798.0
86,74,525.25
86,77,587.8
86,84,1666.0
86,92,1460.0
86,119,694.3333333333333
86,138,740.0
86,156,285.75
86,157,473.6
86,198,1641.0
86,239,1597.0
86,242,1525.0
86,258,1620.0
86,267,503.0
86,310,256.375
87,16,1597.0
87,43,799.0
87,58,625.5
87,70,768.0
87,75,865.0
87,102,839.0
87,112,506.0
87,118,646.6666666666666
87,184,1627.0
87,193,215.7
87,254,359.57142857142856
87,284,778.5
87,305,308.5
87,321,1603.0
87,328,506.6666666666667
88,3,1601.0
88,11,569.0
88,19,1542.0
88,31,831.5
88,75,902.5
88,122,581.3333333333334
88,137,223.42857142857144
88,140,525.25
88,197,1717.0
88,199,601.0
88,203,823.0
88,232,927.0
88,252,335.58333333333326
88,307,1559.0
88,318,1567.0
89,14,559.3333333333334
89,28,837.5
89,138,1460.0
89,217,249.06666666666663
89,244,417.4
89,295,1460.0
89,308,193.3846153846154
90,89,609.6666666666667
90,104,211.84615384615387
90,131,1598.0
90,135,787.0
90,136,392.1428571428571
90,151,1557.0
90,203,1460.0
90,215,476.83333333333326
90,238,290.0
90,276,203.6315789473684
90,302,802.5
90,319,303.8333333333333
91,1,459.75
91,3,523.6
91,12,910.0
91,26,852.5
91,55,1460.0
91,108,1524.0
91,125,352.6666666666667
91,126,1508.0
91,127,340.4
91,140,862.0
91,176,1608.0
91,188,521.3333333333333
91,201,777.5
91,269,1496.0
91,290,783.0
91,298,1460.0
91,324,480.5
92,32,501.25
92,58,1581.0
92,136,571.6666666666666
92,169,561.3333333333334
92,182,1011.0
92,184,1591.0
92,192,1775.0
92,195,1460.0
92,210,920.5
92,250,1539.0
92,254,1697.0
92,290,1494.0
92,328,1507.0
93,14,462.25
93,66,1526.0
93,81,1696.0
93,138,808.5
93,140,1542.0
93,167,891.0
93,186,517.0
93,219,813.5
93,271,626.25
93,293,835.0
93,304,1552.0
93,324,715.3333333333333
94,7,1556.0
94,23,1631.0
94,25,801.5
94,125,762.5
94,165,309.8333333333333
94,173,1619.0
94,210,346.6666666666667
94,235,556.0
94,266,206.8
94,271,895.5
94,304,1083.0
94,310,1645.0
95,82,1633.0
95,85,841.5
95,112,1632.0
95,121,1460.0
95,150,681.0
95,155,582.6666666666666
95,168,546.3333333333334
95,211,1583.0
95,275,381.6666666666667
95,286,1585.0
96,2,1551.0
96,25,792.5
96,51,329.57142857142856
96,93,851.5
96,116,1532.0
96,187,294.6
96,224,962.5
96,225,759.0
96,237,340.8
96,288,588.6666666666666
96,312,1584.0
96,320,835.0
97,1,1486.0
97,24,1637.0
97,50,448.8
97,63,1494.0
97,67,1728.0
97,76,1531.0
97,78,1755.0
97,83,423.25
97,106,371.0
97,165,1688.0
97,188,445.25
97,194,410.5
97,219,425.25
97,235,564.6666666666666
97,253,1645.0
97,275,1639.0
97,305,771.5
97,313,765.5
97,314,818.5
97,325,1669.0
98,3,1561.0
98,15,478.0
98,16,1460.0
98,34,1534.0
98,106,925.5
98,131,1629.0
98,184,630.0
98,245,853.5
98,258,919.5
98,275,585.3333333333334
98,277,887.0
98,304,835.5
98,330,1609.0
99,11,899.0
99,21,899.0
99,69,838.5
99,115,369.2
99,140,991.5
99,142,313.57142857142856
99,157,818.5
99,169,588.0
99,197,887.5
99,221,1591.0
99,233,345.4
99,287,1733.0
99,317,1512.0
99,323,294.8571428571429
99,326,653.0
100,8,825.0
100,13,787.0
100,148,490.75
100,178,589.0
100,199,651.5
100,234,1547.0
100,244,1647.0
100,280,770.0
100,287,337.375
100,291,614.3333333333333
100,320,811.0
101,5,1547.0
101,33,586.0
101,35,437.75
101,38,848.0
101,105,836.0
101,180,1531.0
101,231,1518.0
101,261,882.0
101,305,316.2857142857143
101,316,1552.0
101,317,1604.0
101,328,299.7142857142857
102,7,372.8
102,42,1735.0
102,58,216.5
102,61,1657.0
102,67,1544.0
102,74,793.5
102,80,1501.0
102,132,1583.0
102,150,835.5
102,165,1495.0
102,171,1547.0
102,178,774.0
102,186,469.0
102,216,926.0
102,222,1460.0
102,252,842.0
102,311,330.0
102,312,278.42857142857144
102,326,603.0
103,12,828.5
103,73,500.0
103,87,1504.0
103,93,821.0
103,141,1584.0
103,145,1760.0
103,155,364.1666666666667
103,163,275.22222222222223
103,183,802.5
103,204,538.3333333333334
103,248,248.75
103,270,1593.0
103,280,712.75
103,285,591.0
103,292,1654.0
104,47,632.6666666666666
104,50,564.6666666666666
104,89,838.5
104,92,1668.0
104,94,1580.0
104,123,560.0
104,189,816.0
104,222,1460.0
104,272,1525.0
105,5,355.25
105,14,434.0
105,38,398.0
105,58,1460.0
105,70,536.0
105,73,343.3333333333333
105,74,1551.0
105,96,627.3333333333333
105,104,1568.0
105,152,678.0
105,156,1547.0
105,163,308.2857142857143
105,193,369.0
105,213,520.0
105,220,233.41666666666669
105,241,1460.0
105,255,1544.0
105,284,126.44444444444444
105,289,1709.0
106,29,355.5
106,34,1525.0
106,41,411.25
106,59,1727.0
106,96,864.0
106,119,557.6666666666666
106,136,1702.0
106,156,1489.0
106,193,920.0
106,194,1520.0
106,219,1505.0
106,239,318.0
106,297,339.6
106,303,492.4285714285714
106,325,359.0
107,22,540.25
107,24,809.0
107,28,916.5
107,43,227.77777777777777
107,78,1665.0
107,97,839.0
107,185,1583.0
107,203,792.5
107,294,858.5
107,298,1651.0
107,314,396.33333333333337
107,316,367.0
108,7,407.5
108,31,568.0
108,53,900.5
108,78,817.5
108,81,1460.0
108,107,1595.0
108,154,286.1666666666667
108,175,378.6
108,178,825.5
108,181,451.25
108,188,224.5
108,228,720.3333333333333
108,233,1580.0
108,234,318.66666666666663
108,249,1515.0
108,264,1582.0
108,268,1553.0
108,320,1560.0
108,322,788.0
109,1,568.5
109,24,1664.0
109,64,592.0
109,78,1550.0
109,93,1595.0
109,107,402.2
109,117,450.6
109,120,564.0
109,152,865.0
109,166,459.5
109,178,596.6666666666667
109,181,311.3333333333333
109,231,309.0
109,303,817.6666666666667
110,16,923.5
110,20,777.0
110,31,800.5
110,35,524.6666666666667
110,71,655.0
110,74,563.6666666666666
110,80,1651.0
110,86,312.0
110,108,560.3333333333334
110,123,1581.0
110,146,1662.0
110,183,417.8571428571429
110,202,167.95238095238096
110,205,914.0
110,307,846.0
110,308,549.3333333333334
110,318,685.0
110,323,792.5
111,1,1598.0
111,41,1661.0
111,45,800.0
111,84,1509.0
111,92,1538.0
111,130,1528.0
111,133,1618.0
111,163,853.5
111,164,465.4
111,179,1514.0
111,194,782.0
111,228,1551.0
111,286,1668.0
111,321,419.6
111,330,606.3333333333333
112,7,695.0
112,54,859.5
112,58,1535.0
112,61,1619.0
112,92,909.0
112,121,972.0
112,138,855.0
112,141,1601.0
112,172,273.3333333333333
112,184,1756.0
112,185,1551.0
112,188,281.2857142857143
112,191,547.3333333333334
112,230,851.0
112,246,548.6666666666666
112,284,1606.0
112,289,841.0
112,301,403.5
112,314,344.8571428571429
113,29,362.2
113,34,301.16666666666663
113,89,306.0
113,205,1775.0
113,218,866.0
113,232,778.5
113,271,1527.0
113,285,767.0
113,296,1502.0
114,42,1550.0
114,52,806.0
114,71,835.5
114,99,478.75
114,158,416.5
114,163,593.0
114,216,1728.0
114,218,372.8
114,221,1544.0
114,255,943.0
114,260,480.6
114,277,1558.0
114,285,481.5
114,286,236.9
114,310,519.0
115,14,806.0
115,32,381.57142857142856
115,52,409.75
115,83,840.0
115,109,349.42857142857144
115,152,797.0
115,165,1803.0
115,204,813.0
115,212,1576.0
115,225,557.2
115,262,1573.0
115,275,1569.0
115,281,232.9090909090909
115,294,506.0
115,316,369.4
116,43,1633.0
116,48,740.0
116,61,700.6666666666666
116,77,296.42857142857144
116,85,460.25
116,87,1516.0
116,90,606.25
116,104,565.6666666666666
116,105,1014.0
116,155,1460.0
116,173,335.0
116,190,923.0
116,210,573.3333333333334
116,248,1026.5
116,252,883.0
116,262,540.25
116,264,914.5
116,275,420.5
116,278,915.0
116,282,1616.0
116,298,483.4
117,2,448.0
117,12,538.3333333333334
117,38,1514.0
117,50,715.0
117,70,274.44444444444446
117,105,300.8333333333333
117,132,1499.0
117,137,1634.0
117,188,384.4
117,208,1602.0
117,216,1532.0
117,267,790.0
117,287,338.42857142857144
117,289,595.3333333333333
117,315,605.6666666666667
118,1,1511.0
118,19,1479.0
118,32,689.6666666666666
118,46,781.5
118,65,394.1666666666666
118,97,344.0
118,102,171.0
118,108,437.25
118,109,843.0
118,150,314.375
118,182,444.2
118,207,1593.0
118,223,496.25
118,228,1532.0
118,231,230.1176470588236
118,245,814.0
118,282,789.0
118,284,241.75
118,312,368.6
118,315,1718.0
118,317,1024.5
118,320,1645.0
119,6,1638.0
119,14,197.63636363636363
119,19,535.0
119,30,872.5
119,38,1667.0
119,44,340.6666666666667
119,104,528.6666666666667
119,110,522.25
119,120,478.0
119,155,550.6666666666666
119,176,1594.0
119,197,1626.0
119,203,854.5
119,263,802.5
119,277,606.0
119,279,1541.0
119,297,827.5
119,320,422.25
120,46,884.5
120,98,574.0
120,118,773.5
120,123,358.4
120,135,984.5
120,144,1460.0
120,195,1598.0
120,217,417.5
120,255,1557.0
120,262,204.72727272727272
120,265,598.0
120,275,1460.0
120,280,1460.0
120,304,645.5
120,305,317.375
121,3,780.0
121,5,611.5
121,6,1588.0
121,28,603.0
121,34,896.5
121,43,826.5
121,112,401.5
121,130,567.3333333333334
121,174,756.0
121,177,709.3333333333333
121,220,608.0
121,244,388.0
121,317,1460.0
121,323,834.0
121,325,1637.0
122,18,1460.0
122,25,796.0
122,77,1617.0
122,105,1613.0
122,118,1502.0
122,139,765.5
122,155,738.6666666666666
122,213,425.0
122,229,516.0
122,243,1634.0
123,2,770.5
123,4,753.5
123,7,1599.0
123,10,1706.0
123,64,388.1111111111111
123,95,455.4
123,103,1566.0
123,163,633.3333333333334
123,177,1460.0
123,185,1516.0
123,208,796.0
123,240,1637.0
123,255,854.0
123,258,1590.0
123,270,572.6666666666666
123,304,612.3333333333333
124,32,526.3333333333333
124,72,367.45454545454544
124,89,1780.0
124,92,591.75
124,103,241.0
124,106,567.0
124,137,380.57142857142856
124,144,451.25
124,162,1595.0
124,192,606.6666666666667
124,239,805.0
124,273,845.5
124,306,1591.0
125,1,398.6666666666666
125,25,786.5
125,42,387.0
125,83,1577.0
125,96,854.0
125,106,836.0
125,140,437.5
125,141,1558.0
125,144,1774.0
125,165,1006.5
125,184,1460.0
125,264,1607.0
125,268,1460.0
125,279,275.1
125,307,1631.0
126,0,759.0
126,42,1731.0
126,53,1605.0
126,59,826.0
126,67,344.8333333333333
126,89,1772.0
126,93,515.6
126,94,863.0
126,112,1527.0
126,113,332.33333333333337
126,142,672.0
126,177,590.8333333333333
126,207,562.0
126,292,416.2857142857143
126,307,1631.0
126,315,1550.0
127,16,564.0
127,25,543.6666666666666
127,58,315.0
127,62,817.0
127,63,755.0
127,66,1460.0
127,72,1516.0
127,134,592.6666666666667
127,139,809.5
127,164,840.5
127,179,1616.0
127,190,1573.0
127,214,811.5
127,241,1576.0
127,269,1497.0
127,283,1557.0
127,285,1460.0
127,295,1575.0
127,329,1611.0
128,15,340.6666666666667
128,22,642.0
128,44,1513.0
128,52,495.0
128,86,1728.0
128,117,310.0
128,118,836.0
128,130,1093.0
128,135,1524.0
128,156,1460.0
128,183,857.0
128,189,1809.0
128,202,381.4
128,225,1595.0
128,238,1515.0
128,249,829.0
128,272,772.0
128,284,1615.0
128,291,247.3076923076923
128,309,1521.0
129,36,1576.0
129,59,818.0
129,99,532.0
129,151,1624.0
129,156,1710.0
129,164,1551.0
129,175,1460.0
129,177,357.5
129,179,382.8
129,180,1598.0
129,245,1460.0
129,312,1534.0
129,318,1506.0
130,43,408.0
130,127,1645.0
130,131,303.3333333333333
130,135,930.5
130,137,882.0
130,139,435.75
130,141,511.0
130,143,524.0
130,153,830.0
130,159,1550.0
130,187,494.25
130,213,1570.0
130,241,1615.0
130,244,1546.0
130,254,385.2
130,283,358.4
130,294,834.0
130,316,538.6666666666666
131,8,799.5
131,17,607.3333333333333
131,78,847.5
131,81,1630.0
131,87,1626.0
131,136,803.5
131,158,1736.0
131,183,1615.0
131,188,1517.0
131,208,1612.0
131,211,526.6
131,254,373.3333333333333
131,261,546.0
131,299,576.6666666666666
131,305,449.2
131,324,503.625
132,22,855.0
132,34,905.0
132,47,533.6666666666666
132,86,740.0
132,116,1576.0
132,140,544.0
132,144,1460.0
132,177,443.0
132,245,814.0
132,249,1460.0
132,284,1519.0
132,298,641.6666666666666
133,10,267.3
133,17,815.0
133,82,804.5
133,105,611.0
133,134,269.46153846153845
133,136,273.8461538461538
133,147,805.0
133,157,1460.0
133,191,540.3333333333334
133,277,581.6666666666666
134,37,740.0
134,39,493.5
134,44,1507.0
134,50,166.5
134,91,366.6666666666667
134,109,642.6666666666666
134,136,1514.0
134,151,876.0
134,163,1460.0
134,193,617.6666666666667
134,202,1548.0
134,219,564.0
134,232,526.25
134,236,865.5
134,246,1534.0
134,265,868.5
134,276,1553.0
134,305,593.0
134,317,1609.0
135,33,1557.0
135,79,528.0
135,83,1001.5
135,102,829.5
135,130,740.0
135,133,382.8
135,140,618.0
135,143,437.6
135,146,284.3333333333333
135,193,442.75
135,200,406.6
135,203,760.0
135,205,872.5
135,213,931.5
135,237,1667.0
135,242,489.0
135,272,740.0
135,281,1603.0
135,286,491.25
135,319,421.0
136,24,362.0
136,29,338.8
136,53,449.2
136,78,1460.0
136,107,1519.0
136,110,1619.0
136,150,536.3333333333334
136,152,1706.0
136,158,1710.0
136,233,840.0
136,268,576.3333333333334
136,298,561.6666666666666
137,25,1540.0
137,52,1707.0
137,72,1613.0
137,73,1580.0
137,78,1492.0
137,105,855.5
137,116,1779.0
137,161,854.0
137,179,564.0
137,196,497.5
137,207,354.0
137,235,794.0
137,303,1828.0
138,37,528.3333333333333
138,75,815.5
138,94,302.8333333333333
138,99,1605.0
138,123,295.6363636363636
138,125,392.8125
138,133,1593.0
138,169,1597.0
138,173,817.5
138,192,1460.0
138,201,1594.0
138,227,1658.0
138,235,1689.0
138,246,903.0
138,254,269.75
138,263,861.0
138,276,1460.0
138,280,732.6666666666666
138,290,612.75
138,309,775.5
138,325,586.6666666666666
139,18,1645.0
139,44,628.0
139,46,287.0
139,55,655.75
139,56,607.75
139,72,798.5
139,98,660.3333333333334
139,108,1731.0
139,137,311.2307692307692
139,309,1665.0
140,2,580.0
140,16,427.75
140,60,886.0
140,61,472.0
140,97,1594.0
140,165,1593.0
140,219,1563.0
140,257,567.6666666666666
140,287,740.0
140,295,1010.5
140,310,396.2
141,6,527.3333333333333
141,70,534.6666666666666
141,160,339.42857142857144
141,204,372.6363636363636
141,266,439.25
141,270,303.22222222222223
141,289,815.5
142,17,1511.0
142,47,824.5
142,50,1525.0
142,66,412.8
142,68,1638.0
142,95,503.75
142,111,712.3333333333333
142,148,408.5
142,153,531.3333333333333
142,186,1460.0
142,201,434.75
142,218,1460.0
142,246,797.5
142,250,546.6666666666666
142,259,1519.0
142,282,799.5
142,293,434.0
142,307,915.5
142,313,360.1
143,27,775.5
143,60,891.5
143,78,1657.0
143,137,287.5
143,187,847.5
143,202,363.4
143,224,1524.0
143,263,1510.0
143,281,882.5
143,311,546.0
143,317,525.25
144,1,863.5
144,39,404.83333333333337
144,43,829.5
144,86,550.3333333333334
144,99,1508.0
144,100,1598.0
144,123,1572.0
144,190,1564.0
144,194,817.5
144,220,1597.0
144,242,1512.0
144,269,215.45454545454544
144,301,1662.0
144,303,930.0
144,306,1670.0
145,17,522.25
145,24,863.5
145,91,416.0
145,141,835.0
145,163,1655.0
145,182,878.5
145,202,1566.0
145,262,1762.0
145,266,545.6666666666666
145,270,188.5
145,272,1565.0
145,276,1659.0
145,298,1648.0
146,20,559.3333333333334
146,23,1004.0
146,128,952.0
146,182,1540.0
146,184,929.5
146,212,544.0
146,232,887.5
146,233,1540.0
146,302,835.0
146,310,233.0
146,328,547.3333333333334
147,1,1736.0
147,30,788.0
147,183,1570.0
147,208,484.75
147,209,759.5
147,241,1586.0
147,252,135.1764705882353
147,260,528.3333333333333
147,263,1654.0
147,290,453.8
147,294,782.0
147,303,324.5
147,311,830.5
147,321,846.0
148,30,648.3333333333334
148,35,1577.0
148,55,262.6
148,61,335.8
148,65,1460.0
148,66,1718.0
148,88,1588.0
148,107,527.6666666666667
148,126,830.5
148,132,1460.0
148,165,1640.0
148,214,1614.0
148,248,881.0
148,310,448.4
149,0,538.6666666666666
149,8,1515.0
149,11,1600.0
149,20,579.0
149,24,803.0
149,55,767.0
149,69,871.5
149,101,853.5
149,105,445.25
149,120,483.8
149,147,1659.0
149,168,1535.0
149,188,558.6666666666666
149,214,553.75
149,254,775.0
149,311,760.5
150,10,536.25
150,19,1569.0
150,34,1460.0
150,43,1537.0
150,52,549.25
150,87,1545.0
150,98,767.5
150,129,1606.0
150,145,1718.0
150,168,411.2
150,189,1769.0
150,198,1599.0
150,254,369.0
150,276,472.6
150,278,805.5
150,285,1631.0
150,290,1591.0
151,55,180.86666666666667
151,62,271.57142857142856
151,83,1536.0
151,117,781.0
151,164,533.0
151,201,678.6666666666666
151,205,793.0
151,223,598.0
151,237,578.0
151,242,611.0
151,256,457.2
151,275,1615.0
152,21,1554.0
152,53,340.42857142857144
152,54,419.0
152,68,831.0
152,110,524.6666666666667
152,132,296.8333333333333
152,156,1719.0
152,160,829.0
152,180,901.5
152,202,195.0909090909091
152,209,540.6666666666666
152,223,1568.0
152,235,1568.0
152,247,819.0
152,261,447.4
152,279,1591.0
152,283,463.6
152,293,1545.0
152,319,1602.0
153,19,416.1666666666666
153,42,1499.0
153,46,241.27272727272725
153,79,1595.0
153,86,201.63636363636363
153,95,779.5
153,104,1496.0
153,120,586.6666666666666
153,147,231.22222222222223
153,157,1555.0
153,167,1460.0
153,206,378.28571428571433
153,271,221.3636363636364
153,277,1526.0
153,330,888.0
154,2,1081.0
154,34,1827.0
154,52,556.0
154,95,760.0
154,215,394.1666666666666
154,271,272.2857142857143
154,280,1503.0
154,290,338.4
155,29,763.0
155,112,544.6666666666666
155,113,1597.0
155,118,198.9
155,120,285.2857142857143
155,140,801.5
155,238,1496.0
155,266,411.25
155,304,550.3333333333334
156,3,1725.0
156,8,1573.0
156,41,826.5
156,45,611.6666666666667
156,65,1653.0
156,111,612.6666666666667
156,217,248.54545454545456
156,237,1544.0
156,268,815.5
156,276,763.0
156,321,450.0
157,0,1460.0
157,16,930.0
157,36,1460.0
157,49,308.5
157,104,238.16666666666669
157,108,1587.0
157,128,1014.5
157,168,1571.0
157,171,801.0
157,172,1691.0
157,203,534.6666666666666
157,209,1585.0
157,229,529.6666666666667
157,270,265.0909090909091
157,284,584.0
158,17,1500.0
158,20,968.0
158,28,811.5
158,47,297.6
158,51,578.6666666666666
158,61,417.5
158,104,1587.0
158,113,420.0
158,117,1753.0
158,166,985.5
158,188,857.5
158,219,530.6666666666667
158,236,437.25
158,253,976.5
158,257,461.25
158,278,827.5
158,310,260.8461538461538
159,0,295.9090909090909
159,9,531.0
159,16,578.6666666666666
159,39,445.25
159,43,1460.0
159,63,409.75
159,96,407.5
159,97,1591.0
159,98,323.5
159,129,1583.0
159,193,532.75
159,213,1737.0
159,222,925.0
159,236,540.6666666666666
159,290,824.0
159,305,1630.0
159,329,1508.0
160,39,542.3333333333334
160,45,1641.0
160,67,230.4
160,156,587.3333333333334
160,182,928.0
160,209,351.2
160,229,829.0
160,232,740.0
160,237,796.0
160,244,833.0
160,250,574.6666666666666
160,264,1684.0
160,267,1580.0
160,281,1638.0
160,294,822.5
160,296,1603.0
160,305,405.2
160,311,1700.0
160,312,760.5
161,17,801.5
161,18,858.0
161,41,1594.0
161,51,859.5
161,140,777.5
161,142,816.0
161,148,634.3333333333334
161,182,463.5
161,217,354.22222222222223
161,229,817.5
161,237,550.6666666666666
161,265,431.6
162,61,740.0
162,78,447.2
162,90,257.9090909090909
162,131,849.0
162,170,792.6666666666667
162,179,1550.0
162,234,546.6666666666666
162,241,572.3333333333334
162,243,870.0
162,252,936.0
162,274,801.3333333333333
162,276,788.0
162,291,971.5
162,309,1706.0
163,11,604.6666666666667
163,16,1603.0
163,33,560.6666666666666
163,47,560.0
163,55,303.66666666666663
163,74,510.75
163,87,804.0
163,102,819.5
163,107,613.0
163,118,1557.0
163,130,1579.0
163,157,1611.0
163,167,546.3333333333334
163,209,1618.0
163,210,565.6
163,238,1598.0
163,246,857.0
163,259,1555.0
163,275,796.5
163,308,1575.0
163,321,1532.0
163,325,408.625
164,28,1479.0
164,38,1498.0
164,40,802.5
164,52,1594.0
164,68,401.45454545454544
164,92,411.83333333333337
164,111,483.75
164,311,827.0
164,322,781.5
165,13,823.5
165,23,1597.0
165,32,553.0
165,45,1516.0
165,57,238.3333333333333
165,71,768.0
165,123,787.5
165,125,170.78947368421052
165,141,966.5
165,201,1646.0
165,226,1515.0
165,229,1586.0
165,232,255.375
165,233,1460.0
165,282,374.5
165,283,543.3333333333334
165,286,797.0
165,307,395.0
166,2,1606.0
166,10,1460.0
166,23,529.0
166,41,1606.0
166,105,1569.0
166,126,511.25
166,137,930.5
166,147,1558.0
166,151,956.5
166,158,1460.0
166,182,572.3333333333334
166,290,1460.0
166,297,288.2
166,304,1563.0
166,325,740.0
166,327,306.2857142857143
167,32,901.0
167,46,543.3333333333334
167,77,205.4375
167,80,1547.0
167,98,500.0
167,118,380.4285714285714
167,121,1740.0
167,126,1521.0
167,155,289.57142857142856
167,161,374.6666666666667
167,163,406.33333333333337
167,224,863.5
167,237,488.75
167,273,414.25
167,281,257.0
167,286,298.2857142857143
167,297,1651.0
167,301,345.6
168,39,812.0
168,44,555.6666666666666
168,46,396.0
168,87,464.75
168,107,578.6666666666666
168,109,438.5
168,110,1495.0
168,129,241.3333333333333
168,147,562.3333333333334
168,149,311.7142857142857
168,154,272.42857142857144
168,207,1499.0
168,213,1499.0
168,279,579.0
168,300,375.4
169,0,320.6
169,66,1542.0
169,73,1679.0
169,76,930.0
169,77,889.5
169,88,273.875
169,133,1000.0
169,156,583.6666666666666
169,176,908.0
169,187,1510.0
169,249,1653.0
169,263,851.0
169,265,392.33333333333337
169,271,253.09090909090912
169,318,1521.0
170,3,1483.0
170,11,1583.0
170,44,1584.0
170,64,1529.0
170,90,779.3333333333333
170,118,442.0
170,140,526.3333333333333
170,144,1753.0
170,149,1572.0
170,169,513.6666666666667
170,176,824.5
170,183,1583.0
170,194,830.0
170,196,300.5
170,200,1518.0
170,211,1568.0
170,243,740.0
170,257,803.0
170,322,383.1666666666667
171,4,284.2857142857143
171,24,297.1818181818182
171,48,1584.0
171,49,1632.0
171,66,595.3333333333333
171,80,1556.0
171,132,838.0
171,197,315.44444444444446
171,199,889.0
171,201,243.5
171,221,462.5
171,263,827.5
171,299,282.3333333333333
171,304,1525.0
171,321,849.0
172,20,839.0
172,23,344.6666666666667
172,55,740.0
172,60,1657.0
172,62,1620.0
172,79,1549.0
172,113,557.3333333333334
172,149,1546.0
172,204,342.8571428571429
172,207,1553.0
172,224,1576.0
172,232,1529.0
172,241,513.6666666666667
172,255,1460.0
172,275,1460.0
172,324,853.0
173,26,550.25
173,49,1564.0
173,85,414.0
173,87,326.7142857142857
173,88,873.5
173,177,432.4
173,229,908.5
173,262,1584.0
173,305,862.0
174,25,818.0
174,32,1460.0
174,35,281.3333333333333
174,36,262.0
174,37,789.5
174,44,379.46153846153845
174,47,1460.0
174,65,361.8
174,76,300.0
174,121,1728.0
174,138,1571.0
174,151,363.3333333333333
174,171,1564.0
174,181,574.6666666666666
174,233,447.75
174,299,1520.0
174,318,1618.0
174,321,1666.0
175,20,911.5
175,28,444.6
175,97,847.5
175,137,531.0
175,170,1502.0
175,274,491.0
175,275,413.5
175,279,436.25
175,288,1521.0
175,295,346.8
175,308,1716.0
176,10,241.125
176,14,393.0
176,18,807.5
176,67,240.5833333333333
176,87,1460.0
176,115,1675.0
176,123,890.5
176,140,455.5
176,151,1490.0
176,156,1592.0
176,171,1642.0
176,248,1605.0
176,266,856.0
176,288,254.5555555555556
177,21,520.6666666666667
177,22,881.5
177,46,332.42857142857144
177,68,907.5
177,81,405.25
177,90,464.5
177,102,385.2
177,130,1629.0
177,134,890.0
177,166,354.0
177,200,586.3333333333334
177,217,879.5
177,253,794.0
177,272,519.8333333333333
177,324,557.0
178,50,1690.0
178,53,356.8
178,66,512.3333333333333
178,100,329.9
178,106,359.5
178,154,857.5
178,168,818.5
178,169,635.3333333333334
178,171,509.3333333333333
178,191,806.0
178,212,1547.0
178,224,980.5
178,227,609.0
178,252,795.0
178,284,414.25
178,299,1667.0
178,303,1807.0
178,305,1801.0
179,24,815.5
179,83,443.5
179,94,1585.0
179,115,195.3636363636364
179,138,428.2
179,153,1578.0
179,178,1625.0
179,219,848.0
179,240,500.0
179,279,307.3
179,301,1488.0
179,308,622.3333333333333
179,310,850.0
179,320,556.0
180,11,1516.0
180,34,909.5
180,52,1460.0
180,64,374.2
180,82,829.5
180,114,390.25
180,120,812.0
180,125,380.0
180,131,879.5
180,177,1644.0
180,189,1568.0
180,211,386.6
180,220,242.44444444444449
180,234,552.6666666666666
180,261,786.0
180,298,502.75
180,300,661.0
180,312,171.68421052631578
181,24,488.5
181,27,618.6666666666667
181,32,646.25
181,46,1530.0
181,101,1632.0
181,114,654.3333333333334
181,120,1550.0
181,128,1547.0
181,136,874.0
181,154,981.0
181,169,404.0
181,172,1620.0
181,179,843.0
181,196,1504.0
181,201,1828.0
181,207,1460.0
181,254,344.1428571428572
181,262,1057.0
181,298,829.5
181,303,1518.0
181,312,404.0
181,314,957.5
182,0,1516.0
182,7,627.3333333333333
182,41,869.5
182,53,841.0
182,77,1670.0
182,83,384.8333333333333
182,88,541.0
182,108,797.0
182,135,287.6666666666667
182,138,853.0
182,139,363.8
182,202,778.0
182,208,155.6315789473684
182,236,409.75
182,249,1574.0
182,250,812.5
182,267,817.0
182,288,522.5
182,291,797.5
182,316,1574.0
182,325,503.75
183,5,483.75
183,12,1460.0
183,27,1518.0
183,43,417.5
183,47,635.6666666666666
183,87,1531.0
183,104,1460.0
183,111,848.5
183,121,1635.0
183,141,873.5
183,168,1505.0
183,173,1601.0
183,190,1599.0
183,202,862.0
183,232,1460.0
183,247,379.6666666666667
183,285,647.6666666666666
183,287,1485.0
183,288,262.57142857142856
183,301,706.6666666666666
184,31,532.5
184,55,763.0
184,110,811.5
184,116,226.77777777777777
184,158,406.83333333333337
184,160,438.4
184,170,1514.0
184,174,1460.0
184,179,526.3333333333333
184,190,321.0
184,193,526.3333333333333
184,211,409.5
184,216,1567.0
184,219,1662.0
184,237,454.6
184,319,1589.0
184,327,323.83333333333326
185,8,1557.0
185,14,1523.0
185,16,1016.5
185,31,763.0
185,38,577.3333333333333
185,58,809.5
185,80,789.5
185,88,678.3333333333334
185,111,1671.0
185,119,801.5
185,126,755.5
185,151,845.0
185,152,485.5
185,157,311.5
185,164,1551.0
185,226,180.16666666666663
185,259,495.0
185,318,261.42857142857144
185,323,415.83333333333337
186,5,799.5
186,29,400.1
186,59,357.0
186,107,788.5
186,109,765.5
186,120,362.0
186,124,251.1818181818182
186,129,1538.0
186,130,1670.0
186,133,1634.0
186,134,547.5
186,143,772.5
186,172,946.0
186,180,548.6666666666666
186,220,436.4
186,230,1536.0
186,236,214.8235294117647
186,257,685.3333333333333
186,302,1614.0
187,18,1460.0
187,63,1500.0
187,73,1683.0
187,96,1621.0
187,97,1586.0
187,103,817.0
187,207,370.1666666666667
187,247,307.1428571428572
187,265,788.0
187,270,777.0
187,283,816.0
187,288,638.3333333333334
188,31,1519.0
188,33,1519.0
188,72,1574.0
188,80,333.6
188,82,392.875
188,151,397.6
188,154,1559.0
188,184,380.0
188,193,1672.0
188,220,770.5
188,231,1551.0
188,249,1517.0
188,260,1486.0
188,282,1534.0
188,303,1007.5
188,327,1605.0
189,12,1532.0
189,46,324.1666666666667
189,48,665.0
189,73,426.1666666666666
189,109,817.5
189,143,1599.0
189,158,758.5
189,168,573.3333333333334
189,194,769.5
189,217,1491.0
189,237,1607.0
189,243,577.3333333333334
189,248,515.25
189,257,1704.0
189,299,926.5
190,14,1491.0
190,21,422.25
190,98,383.625
190,103,208.72222222222223
190,158,853.5
190,200,834.0
190,209,913.0
190,232,962.5
190,288,1640.0
190,301,757.5
190,310,1551.0
190,313,830.0
190,314,1541.0
190,324,229.07142857142856
191,19,555.3333333333334
191,22,353.6
191,28,835.5
191,38,298.16666666666663
191,50,864.0
191,56,1513.0
191,58,769.5
191,75,1460.0
191,139,1510.0
191,147,1565.0
191,180,248.2857142857143
191,205,494.0
191,210,545.0
191,252,340.4
191,265,482.5
191,266,857.5
191,277,535.3333333333334
191,280,1740.0
191,284,305.8333333333333
191,294,359.2
191,307,1537.0
192,5,886.0
192,27,438.0
192,37,646.6666666666666
192,40,1590.0
192,172,1542.0
192,175,787.0
192,243,483.0
192,266,579.0
192,272,791.5
192,280,386.6
192,297,761.0
192,314,815.5
192,315,809.0
193,4,823.5
193,5,462.25
193,6,938.5
193,10,884.0
193,47,335.125
193,54,1493.0
193,59,619.3333333333333
193,64,1661.0
193,102,342.8
193,151,528.25
193,155,847.0
193,158,844.0
193,166,1823.0
193,186,1658.0
193,197,1532.0
193,241,725.6666666666666
193,256,1025.0
193,320,285.8333333333333
194,21,1549.0
194,32,823.5
194,93,1608.0
194,109,1511.0
194,144,442.5
194,161,185.94444444444449
194,196,677.75
194,210,923.0
194,230,558.3333333333334
194,280,810.0
194,309,765.0
195,28,332.7142857142857
195,47,410.8
195,86,440.0
195,155,772.0
195,159,807.5
195,179,247.8571428571429
195,186,371.2
195,191,1696.0
195,193,1460.0
195,220,1460.0
195,223,791.0
195,228,368.4
195,256,793.0
195,280,421.5
195,293,363.0
195,296,618.6666666666667
195,306,815.5
195,323,772.0
196,8,1460.0
196,42,822.0
196,99,825.5
196,111,851.0
196,123,779.5
196,124,816.5
196,138,862.0
196,159,1577.0
196,182,944.5
196,194,891.5
196,219,463.25
196,225,1493.0
196,251,727.3333333333333
196,255,950.0
196,285,960.5
196,286,441.75
196,302,1585.0
196,309,441.0
196,311,1662.0
196,317,1551.0
197,10,777.3333333333333
197,66,338.6
197,80,295.875
197,89,532.3333333333334
197,106,654.0
197,107,961.0
197,115,857.0
197,140,1563.0
197,229,655.3333333333334
197,247,1747.0
197,254,1573.0
198,1,629.6666666666666
198,37,1642.0
198,123,436.75
198,134,1584.0
198,145,409.0
198,160,1511.0
198,161,590.3333333333333
198,180,1689.0
198,266,551.6666666666666
198,275,1568.0
198,314,491.0
199,27,1500.0
199,51,702.3333333333333
199,57,1499.0
199,91,480.5
199,134,777.0
199,155,621.2
199,169,1571.0
199,282,339.6666666666667
200,4,287.57142857142856
200,51,311.3636363636364
200,137,451.25
200,144,882.5
200,154,1648.0
200,177,796.0
200,208,887.0
200,222,1460.0
200,244,778.0
200,251,312.0
200,277,251.25
200,283,442.0
200,306,833.0
200,324,589.0
201,20,466.0
201,101,507.5
201,118,825.0
201,119,820.5
201,125,1583.0
201,157,417.2
201,171,1693.0
201,215,1617.0
201,222,807.0
201,244,873.0
201,278,422.8
201,317,1620.0
201,326,1595.0
201,328,499.8
202,29,388.2
202,53,1460.0
202,70,1656.0
202,111,1537.0
202,152,1501.0
202,177,862.0
202,216,1603.0
202,254,524.6666666666667
202,304,1573.0
202,311,392.6
202,312,1552.0
202,317,1827.0
203,21,532.0
203,57,674.6666666666666
203,65,291.2857142857143
203,74,333.8333333333333
203,94,785.5
203,97,1534.0
203,188,354.6
203,199,212.69230769230768
203,226,1596.0
203,227,550.0
203,303,1568.0
203,306,1518.0
203,323,547.3333333333334
204,42,715.3333333333333
204,66,740.0
204,71,797.5
204,86,557.3333333333334
204,94,278.5
204,98,567.3333333333334
204,118,370.2
204,129,614.0
204,133,963.0
204,147,1526.0
204,154,365.0
204,211,484.0
204,215,264.0
204,216,480.0
204,218,294.72727272727275
204,223,561.3333333333334
204,287,1505.0
204,322,1641.0
205,32,835.0
205,71,1652.0
205,77,347.8333333333333
205,102,1519.0
205,165,1572.0
205,185,1507.0
205,186,428.0
205,188,1480.0
205,248,1655.0
205,272,794.5
205,276,1515.0
205,300,449.25
205,306,662.0
205,311,548.3333333333334
205,325,1713.0
206,22,1586.0
206,49,1563.0
206,54,523.0
206,97,493.8
206,134,317.1428571428572
206,153,388.6666666666666
206,196,985.5
206,203,707.0
206,205,629.0
206,208,293.42857142857144
206,212,819.5
206,265,652.6666666666666
206,308,1576.0
206,309,406.4
207,34,372.6
207,42,592.6666666666667
207,66,1570.0
207,76,1604.0
207,91,499.75
207,115,1820.0
207,122,429.75
207,129,792.0
207,145,829.5
207,164,710.75
207,166,1545.0
207,167,483.4
207,173,200.46666666666667
207,192,1088.0
207,196,308.625
207,210,557.0
207,220,1460.0
207,255,496.4545454545455
207,259,556.3333333333334
207,320,1514.0
207,330,1513.0
208,13,1635.0
208,41,284.5
208,44,441.75
208,50,454.0
208,52,480.0
208,124,1602.0
208,131,815.0
208,222,1618.0
208,227,761.5
208,251,873.0
208,281,925.0
208,284,799.5
208,295,534.0
209,49,1615.0
209,76,1658.0
209,79,830.0
209,111,332.2
209,130,822.5
209,135,1717.0
209,187,275.16666666666663
209,244,1577.0
209,249,1672.0
209,252,969.0
209,274,1620.0
209,293,424.1428571428572
210,21,1506.0
210,68,480.5
210,81,405.5
210,85,1620.0
210,88,1514.0
210,106,1708.0
210,113,936.0
210,156,1620.0
210,165,307.7
210,181,1530.0
210,186,1621.0
210,243,539.6666666666666
210,252,824.0
210,265,1492.0
210,299,740.0
210,323,1499.0
210,326,919.5
211,6,500.0
211,28,508.0
211,29,778.5
211,90,760.0
211,136,819.5
211,154,800.5
211,187,386.7142857142857
211,190,524.3333333333333
211,238,1569.0
211,287,884.5
211,317,805.5
211,318,172.6
211,327,1520.0
212,10,1460.0
212,28,1591.0
212,38,1540.0
212,42,1546.0
212,46,1507.0
212,82,1601.0
212,84,540.0
212,101,570.3333333333334
212,132,565.0
212,190,803.0
212,251,844.0
212,268,375.6
212,297,886.5
212,312,195.5
212,324,1516.0
213,14,881.5
213,139,561.6666666666666
213,163,664.3333333333334
213,193,589.6666666666666
213,216,1541.0
213,230,1524.0
213,268,898.0
213,269,932.5
213,273,686.0
213,284,740.0
213,295,426.0
214,4,422.375
214,19,1599.0
214,42,1460.0
214,86,365.2
214,102,1572.0
214,125,278.125
214,129,827.0
214,131,740.0
214,168,258.8888888888889
214,182,273.0
214,187,591.3333333333333
214,192,482.8
214,204,1563.0
214,243,811.5
214,253,1460.0
214,275,800.0
214,286,1728.0
214,316,792.0
215,28,708.6666666666666
215,30,1624.0
215,39,959.5
215,49,1776.0
215,79,324.125
215,90,854.5
215,128,999.5
215,147,369.6
215,161,754.0
215,163,802.0
215,173,803.0
215,221,1566.0
215,228,789.5
215,264,815.0
215,279,1607.0
215,286,278.27272727272725
215,288,1557.0
215,305,760.5
215,326,1509.0
216,23,1666.0
216,26,613.0
216,34,575.3333333333334
216,68,794.0
216,86,1020.0
216,224,740.0
216,277,289.6666666666667
216,310,808.0
216,318,500.0
216,324,330.3333333333333
217,22,1667.0
217,79,1574.0
217,137,302.5
217,149,301.8333333333333
217,170,466.25
217,191,1538.0
217,204,795.0
217,231,419.5
217,242,1534.0
217,245,1594.0
217,273,812.0
217,326,790.0
218,8,823.5
218,21,1807.0
218,60,1620.0
218,70,1551.0
218,76,1593.0
218,82,578.6666666666666
218,99,799.5
218,101,1556.0
218,112,332.6666666666667
218,122,1509.0
218,134,1611.0
218,162,449.5
218,163,1596.0
218,186,775.5
218,195,438.7692307692308
218,202,859.0
218,204,1611.0
218,255,1576.0
218,259,1515.0
218,273,1614.0
218,278,1711.0
218,286,553.0
218,325,802.0
219,0,905.0
219,53,814.0
219,87,818.5
219,107,526.6666666666667
219,127,1604.0
219,164,424.83333333333337
219,172,558.0
219,193,1528.0
219,217,477.0
219,243,1567.0
219,260,1460.0
219,263,543.3333333333334
219,285,1688.0
219,309,1503.0
219,313,1641.0
219,326,547.0
220,40,1460.0
220,44,740.0
220,90,568.0
220,124,766.5
220,133,489.5
220,155,1645.0
220,160,766.5
220,225,1657.0
220,250,851.0
220,270,786.5
220,283,410.6666666666666
220,294,500.0
220,301,832.0
220,313,1640.0
220,318,1562.0
221,4,1585.0
221,41,740.0
221,44,520.5
221,49,842.0
221,96,771.5
221,110,819.5
221,145,1627.0
221,189,1518.0
221,201,740.0
221,227,988.0
221,230,828.0
221,231,224.0
221,270,525.3333333333333
222,43,1593.0
222,97,784.0
222,110,1647.0
222,121,275.0
222,156,574.0
222,157,361.2
222,168,740.0
222,189,567.0
222,195,1506.0
222,204,541.0
222,212,1759.0
222,232,829.0
222,238,670.6666666666666
222,250,811.5
222,254,910.5
222,292,288.1
222,293,627.6666666666667
223,29,424.5
223,57,606.3333333333333
223,89,425.0
223,91,1686.0
223,106,630.6666666666666
223,119,874.0
223,124,1565.0
223,129,257.25
223,133,528.3333333333333
223,252,862.5
223,289,1531.0
223,312,978.5
224,3,1623.0
224,7,539.0
224,26,127.4
224,35,1683.0
224,65,199.66666666666663
224,69,385.6666666666667
224,77,1534.0
224,81,431.25
224,85,797.0
224,150,1460.0
224,170,740.0
224,295,170.36363636363637
224,297,514.0
224,299,1572.0
225,5,421.75
225,43,1700.0
225,44,1460.0
225,51,316.75
225,88,857.5
225,118,545.6666666666666
225,121,831.0
225,128,810.0
225,149,801.0
225,167,261.6428571428571
225,196,1625.0
225,235,586.0
225,273,395.0
225,274,1745.0
225,289,265.8461538461538
225,312,1788.0
226,51,1652.0
226,77,684.3333333333333
226,93,1460.0
226,119,842.5
226,120,1555.0
226,136,805.0
226,147,768.0
226,176,401.0
226,182,1460.0
226,191,1663.0
226,205,1561.0
226,209,857.5
226,249,1599.0
226,281,1612.0
226,297,638.0
226,298,584.6666666666666
226,303,812.5
226,315,1754.0
227,11,474.5
227,29,1488.0
227,48,251.57142857142856
227,76,1551.0
227,133,809.0
227,150,453.0
227,180,1460.0
227,191,1593.0
227,206,481.0
227,226,1640.0
227,238,527.4
227,252,1594.0
227,268,1518.0
227,270,1587.0
227,309,503.5
228,8,451.0
228,35,173.6
228,48,667.6666666666666
228,76,1602.0
228,107,706.5
228,125,1460.0
228,212,249.9
228,294,616.0
228,319,451.0
229,29,588.0
229,33,1606.0
229,61,443.8
229,102,771.0
229,109,814.0
229,128,1535.0
229,176,1605.0
229,193,519.0
229,212,608.6666666666667
229,266,982.0
229,274,1531.0
230,84,544.6666666666666
230,107,668.0
230,112,1613.0
230,149,798.0
230,164,1516.0
230,208,312.0
230,215,920.5
230,216,305.0
230,233,1625.0
230,306,793.0
230,326,248.5555555555556
230,327,416.25
230,330,1680.0
231,12,1460.0
231,21,1541.0
231,55,429.625
231,88,763.0
231,133,334.57142857142856
231,144,816.5
231,154,740.0
231,170,1529.0
231,200,786.0
231,211,368.5
231,270,500.0
231,276,775.5
231,322,502.75
231,324,843.0
231,326,1521.0
232,12,445.0
232,46,996.0
232,72,195.7692307692308
232,128,530.3333333333333
232,188,1663.0
232,193,455.75
232,210,1596.0
232,235,621.3333333333333
232,246,859.0
232,256,558.3333333333334
232,262,948.0
232,307,832.5
233,16,1689.0
233,33,331.3333333333333
233,42,771.0
233,47,406.5
233,80,1726.0
233,86,855.0
233,127,1505.0
233,134,588.0
233,154,1619.0
233,158,1601.0
233,182,836.5
233,202,279.1666666666667
233,206,1460.0
233,226,1667.0
233,229,847.0
233,240,324.3333333333333
233,242,542.0
233,255,1580.0
233,322,677.3333333333334
233,327,457.75
234,6,1619.0
234,39,1573.0
234,50,1673.0
234,62,447.25
234,72,581.3333333333334
234,84,532.6666666666666
234,109,1460.0
234,121,1795.0
234,167,1613.0
234,176,543.6666666666666
234,222,433.0
234,260,227.5
234,270,1460.0
234,281,1663.0
234,282,1575.0
234,295,545.0
234,322,811.5
235,1,308.0
235,10,822.5
235,13,951.0
235,29,1460.0
235,56,1737.0
235,77,1587.0
235,112,1603.0
235,123,1529.0
235,128,180.5
235,167,781.5
235,183,855.0
235,195,1845.0
235,248,1696.0
235,251,1573.0
235,260,407.2
235,280,711.0
235,289,529.6666666666667
236,1,778.0
236,64,1573.0
236,83,1642.0
236,106,1540.0
236,111,1557.0
236,133,799.5
236,159,1527.0
236,181,776.0
236,187,1598.0
236,219,544.3333333333334
236,264,213.0
236,274,368.8
236,280,1692.0
236,292,764.5
237,2,784.0
237,7,367.5
237,26,309.16666666666663
237,30,492.0
237,33,1539.0
237,51,305.8571428571429
237,84,814.0
237,96,550.6666666666666
237,103,294.22222222222223
237,138,1508.0
237,149,1657.0
237,158,869.0
237,182,1512.0
237,189,1655.0
237,219,740.0
237,244,1666.0
237,246,865.0
237,255,1578.0
237,275,213.2
237,279,1597.0
237,282,1671.0
237,320,367.6
237,322,429.5
238,9,955.0
238,20,466.5
238,74,550.3333333333334
238,80,534.0
238,149,518.6666666666667
238,170,794.0
238,197,521.3333333333333
238,202,1586.0
238,226,856.0
238,247,1666.0
238,256,1563.0
238,264,783.0
239,31,813.5
239,35,597.3333333333333
239,44,1592.0
239,45,409.25
239,57,617.0
239,183,1484.0
239,218,433.75
239,224,834.0
239,231,791.5
239,242,448.83333333333326
239,259,813.0
239,277,828.5
239,278,1663.0
239,311,1559.0
240,10,568.3333333333334
240,16,663.0
240,30,245.0
240,32,588.5
240,61,259.4
240,67,1536.0
240,89,1460.0
240,140,374.45454545454544
240,149,675.6666666666666
240,151,1460.0
240,157,740.0
240,169,954.0
240,200,530.0
240,204,1563.0
240,226,533.0
240,237,1460.0
240,277,172.63636363636363
240,279,814.5
240,304,876.0
241,10,1460.0
241,68,537.3333333333334
241,83,1522.0
241,124,770.0
241,133,430.75
241,143,639.5
241,155,1552.0
241,188,403.25
241,249,608.5
241,257,317.57142857142856
241,260,783.0
241,313,440.5
241,318,740.0
242,8,1624.0
242,11,669.3333333333334
242,29,1720.0
242,34,1643.0
242,60,793.5
242,61,1460.0
242,96,1626.0
242,97,841.5
242,105,1610.0
242,146,546.5
242,155,1602.0
242,187,1596.0
242,217,1526.0
242,222,532.6666666666666
242,243,1742.0
242,245,831.0
242,310,403.6
243,9,819.5
243,32,601.3333333333333
243,39,1512.0
243,136,444.25
243,146,772.0
243,185,477.0
243,219,812.5
243,223,399.6
243,228,814.0
243,245,1687.0
243,248,1685.0
243,262,893.0
243,278,1600.0
243,289,1595.0
243,310,523.6666666666667
243,329,372.8
244,8,363.7142857142857
244,21,1608.0
244,69,1460.0
244,80,763.5
244,102,539.6666666666666
244,125,862.5
244,136,484.75
244,154,825.5
244,210,1506.0
244,231,631.0
244,265,417.0
244,267,868.0
244,277,214.41666666666669
244,327,1599.0
245,0,274.8571428571429
245,2,809.0
245,63,907.5
245,78,753.5
245,105,1575.0
245,147,556.0
245,240,1632.0
245,254,558.75
245,256,500.0
245,271,1586.0
246,13,411.8
246,31,648.3333333333334
246,68,806.5
246,124,584.6666666666666
246,138,513.0
246,146,820.0
246,156,1755.0
246,237,1595.0
246,238,1460.0
246,277,1694.0
246,294,840.0
246,316,779.5
247,3,1585.0
247,20,859.5
247,41,808.5
247,52,339.8
247,67,1460.0
247,150,459.75
247,175,1680.0
247,179,766.0
247,205,434.6
247,209,828.5
247,217,559.0
247,263,1599.0
247,266,778.5
247,283,1531.0
247,300,554.0
247,309,505.25
248,13,740.0
248,39,467.5
248,64,368.57142857142856
248,81,1611.0
248,115,1460.0
248,151,542.0
248,200,832.0
248,206,513.0
248,221,367.6666666666667
248,253,567.0
248,313,531.6666666666667
248,322,1460.0
249,2,315.16666666666663
249,14,778.0
249,40,891.5
249,60,1537.0
249,64,839.5
249,94,779.0
249,114,572.3333333333334
249,139,1597.0
249,152,796.5
249,187,1585.0
249,207,206.4
249,220,509.5
249,229,849.0
249,252,1531.0
249,256,1509.0
249,266,1529.0
249,269,406.8
249,285,1523.0
249,295,535.5
250,19,569.3333333333334
250,73,574.3333333333334
250,85,891.5
250,94,539.0
250,120,384.75
250,131,986.0
250,164,1492.0
250,182,823.0
250,185,890.5
250,263,445.5
250,265,827.5
251,17,1504.0
251,43,335.8
251,59,849.0
251,64,551.6666666666666
251,68,903.5
251,83,489.5
251,110,558.0
251,120,310.0
251,149,783.5
251,175,468.5
251,187,1579.0
251,201,1718.0
251,208,821.5
251,291,1507.0
251,328,819.0
252,6,452.4
252,22,1560.0
252,25,429.0
252,59,718.5
252,103,761.5
252,114,795.0
252,197,521.5
252,217,293.5
252,246,544.3333333333334
252,247,801.0
252,257,443.0
252,259,374.4
252,295,365.0
252,297,1564.0
252,308,279.0
252,325,416.33333333333337
253,14,349.0
253,45,1522.0
253,55,449.0
253,116,415.6
253,121,475.5
253,143,404.28571428571433
253,157,763.5
253,228,1460.0
253,230,587.3333333333334
253,233,328.125
253,256,773.0
253,271,1597.0
253,282,872.5
253,298,322.16666666666663
253,302,1460.0
254,16,791.0
254,63,531.3333333333333
254,66,435.0
254,91,828.5
254,100,1581.0
254,116,417.5
254,122,507.3333333333333
254,179,1612.0
254,245,530.6666666666667
254,281,797.0
254,287,1720.0
254,330,295.3333333333333
255,6,588.6666666666666
255,28,623.3333333333333
255,35,1638.0
255,41,1534.0
255,69,1507.0
255,75,833.0
255,80,186.5
255,102,803.5
255,122,835.5
255,149,250.4375
255,158,606.0
255,200,1667.0
255,206,445.25
255,209,575.3333333333334
255,245,1460.0
255,302,1599.0
255,306,891.5
255,327,344.6666666666667
256,24,612.3333333333333
256,34,541.0
256,35,1460.0
256,44,318.625
256,67,1524.0
256,78,1550.0
256,98,1791.0
256,117,1521.0
256,163,318.3333333333333
256,195,1640.0
256,203,857.5
256,207,1536.0
256,243,549.6666666666666
256,273,351.8
256,294,412.0
256,326,775.5
257,42,550.6666666666666
257,44,754.5
257,58,300.57142857142856
257,99,1009.5
257,145,1614.0
257,159,786.5
257,170,576.6666666666666
257,235,844.0
257,236,1569.0
257,238,1569.0
257,273,1460.0
257,301,1670.0
257,313,580.75
257,317,1610.0
257,328,1460.0
258,1,776.5
258,3,1575.0
258,39,821.5
258,48,463.25
258,64,1566.0
258,125,1586.0
258,134,622.0
258,162,478.5
258,176,274.3
258,184,1556.0
258,190,786.0
258,198,533.3333333333334
258,204,352.5
258,231,941.5
258,290,177.83333333333334
259,3,824.5
259,18,1510.0
259,61,1460.0
259,120,1571.0
259,137,223.11111111111111
259,153,430.2
259,157,841.0
259,181,824.0
259,230,834.0
259,235,1541.0
259,238,881.0
259,278,309.625
260,9,562.3333333333334
260,11,279.1666666666667
260,21,442.4
260,27,1504.0
260,43,564.6666666666666
260,56,561.0
260,57,443.75
260,62,740.0
260,149,307.2
260,161,320.5
260,206,1578.0
260,231,1632.0
260,244,1573.0
260,254,1508.0
260,280,1621.0
260,294,814.0
260,300,809.0
260,321,740.0
261,191,487.6
261,192,420.5
261,193,1460.0
261,199,263.57142857142856
261,223,679.6666666666666
261,228,1563.0
261,266,1744.0
261,281,275.1
261,292,541.6666666666666
261,321,553.0
262,0,588.3333333333334
262,24,1500.0
262,38,351.4705882352941
262,58,650.0
262,101,1683.0
262,110,1671.0
262,122,569.3333333333334
262,140,587.0
262,177,201.94117647058823
262,235,522.0
262,244,1559.0
262,250,1713.0
262,268,455.25
262,287,1767.0
262,291,761.5
262,326,1551.0
263,8,844.5
263,18,546.6666666666666
263,32,1614.0
263,42,661.6666666666666
263,59,265.0909090909091
263,96,818.5
263,124,438.6
263,138,764.6666666666667
263,139,1543.0
263,145,382.6
263,150,801.5
263,264,1460.0
263,278,1538.0
263,321,1583.0
263,330,1502.0
264,10,649.0
264,40,1512.0
264,58,527.0
264,64,560.3333333333334
264,94,796.0
264,106,806.5
264,114,925.0
264,124,289.2857142857143
264,134,366.0
264,144,523.6666666666667
264,165,380.0
264,169,286.1428571428572
264,203,412.25
264,248,526.0
264,260,367.0
264,261,425.0
264,276,443.75
264,295,1460.0
264,303,1460.0
265,34,763.5
265,53,277.5
265,59,433.0
265,61,797.5
265,88,819.0
265,110,552.0
265,129,506.5
265,143,805.5
265,148,1625.0
265,172,1540.0
265,263,764.5
265,280,520.25
265,295,327.1111111111111
266,29,1631.0
266,34,567.0
266,36,842.0
266,43,1513.0
266,49,786.5
266,52,1515.0
266,61,354.5
266,74,1542.0
266,89,465.0
266,98,246.88888888888889
266,102,1610.0
266,114,740.0
266,123,1628.0
266,138,511.75
266,144,800.0
266,161,298.3333333333333
266,165,1583.0
266,174,1460.0
266,178,1568.0
266,210,593.6666666666667
266,246,929.0
266,298,261.8571428571429
266,307,422.0
267,3,410.25
267,23,1685.0
267,42,1490.0
267,64,1535.0
267,71,560.0
267,86,1666.0
267,88,1539.0
267,109,424.6666666666666
267,117,693.6666666666666
267,129,1615.0
267,165,783.0
267,173,775.5
267,175,1532.0
267,252,1553.0
267,255,831.5
267,276,1536.0
267,278,824.0
267,291,320.0
267,293,782.5
267,307,316.5
267,327,1544.0
268,35,1494.0
268,37,891.0
268,43,753.5
268,54,793.0
268,72,509.4
268,130,873.0
268,173,860.0
268,252,264.6
268,283,566.0
268,300,786.5
269,0,426.0
269,6,634.0
269,18,1547.0
269,28,1602.0
269,34,1650.0
269,91,1675.0
269,103,416.5
269,108,787.0
269,118,446.0
269,123,740.0
269,177,872.5
269,191,404.0
269,223,926.5
269,239,1699.0
269,280,1460.0
269,297,1602.0
270,34,1617.0
270,47,768.0
270,54,866.5
270,57,788.5
270,61,1554.0
270,71,1571.0
270,110,1500.0
270,124,1512.0
270,244,818.0
270,274,340.1428571428572
270,301,1600.0
270,316,364.28571428571433
270,329,333.8333333333333
271,36,831.5
271,139,1547.0
271,154,581.0
271,171,1677.0
271,182,426.2
271,190,721.3333333333333
271,195,798.5
271,206,414.25
271,222,807.0
271,236,194.91666666666663
271,246,616.3333333333333
271,269,507.375
271,292,1662.0
271,323,288.8571428571429
271,326,792.0
272,4,218.4
272,47,819.0
272,68,613.0
272,100,547.3333333333334
272,125,1460.0
272,140,529.0
272,145,871.5
272,151,1552.0
272,164,579.5
272,179,1567.0
272,180,818.0
272,233,776.5
272,249,232.88888888888889
272,250,1588.0
272,254,814.0
272,305,467.75
273,10,860.0
273,47,1747.0
273,86,474.0
273,151,280.8571428571429
273,152,873.0
273,158,436.75
273,169,269.25
273,210,1718.0
273,250,1545.0
274,28,823.5
274,42,491.8
274,44,859.0
274,85,338.125
274,157,1696.0
274,213,476.75
274,276,1500.0
274,312,346.6
275,21,577.6666666666666
275,56,750.0
275,67,1668.0
275,68,870.0
275,75,1594.0
275,97,295.3333333333333
275,118,981.5
275,119,1460.0
275,121,809.0
275,139,470.5
275,157,1596.0
275,181,457.25
275,204,326.57142857142856
275,216,816.5
275,227,591.0
275,271,1569.0
275,273,606.5
275,284,861.0
275,296,653.6666666666666
275,322,934.0
275,325,797.0
276,25,611.0
276,65,1573.0
276,74,1522.0
276,98,545.3333333333334
276,102,1646.0
276,156,1664.0
276,167,1571.0
276,238,411.4285714285714
276,299,1571.0
276,330,413.0
277,0,354.0
277,15,1532.0
277,16,1662.0
277,26,256.8181818181818
277,82,352.6
277,90,964.0
277,129,899.5
277,199,1549.0
277,272,1505.0
277,275,439.0
277,283,515.1666666666666
277,294,561.3333333333334
277,310,793.0
277,327,289.4
278,23,344.8571428571429
278,30,1460.0
278,33,820.5
278,41,1565.0
278,71,1555.0
278,88,1637.0
278,109,1514.0
278,157,341.2857142857143
278,186,781.0
278,189,328.1818181818182
278,242,876.5
278,251,1612.0
278,261,582.0
278,264,1460.0
278,282,501.0
278,292,1629.0
278,299,386.4
279,1,820.0
279,57,1601.0
279,59,282.77777777777777
279,75,1545.0
279,107,790.5
279,117,840.5
279,132,524.3333333333333
279,136,326.3333333333333
279,146,851.0
279,151,766.5
279,164,1575.0
279,188,844.0
279,193,781.0
279,194,1571.0
279,232,313.4
279,240,807.0
279,263,1613.0
279,274,348.6
279,276,242.57142857142856
279,319,857.5
279,322,695.6666666666666
280,26,606.5
280,30,850.0
280,186,501.0
280,223,475.6
280,269,1592.0
280,296,846.0
280,307,767.0
280,316,1587.0
280,322,740.0
281,13,1548.0
281,56,721.0
281,73,835.0
281,100,545.3333333333334
281,130,1687.0
281,131,571.0
281,174,1460.0
281,204,1589.0
281,216,240.0769230769231
281,227,923.5
281,246,805.5
281,250,1665.0
281,255,1643.0
281,295,1561.0
282,1,811.0
282,33,1545.0
282,75,1735.0
282,81,901.5
282,100,1540.0
282,182,1627.0
282,226,205.46153846153845
282,232,1568.0
282,234,1507.0
282,263,1572.0
282,281,1460.0
282,283,222.0
282,294,566.3333333333334
282,299,1714.0
282,313,524.3333333333333
282,324,1572.0
283,0,421.125
283,125,733.0
283,140,512.6666666666667
283,171,496.9
283,172,421.1428571428572
283,195,1616.0
283,210,485.75
283,219,1490.0
283,289,401.6
283,293,516.0
283,313,826.5
283,318,586.6666666666666
284,11,529.0
284,19,463.5
284,24,495.0
284,29,191.72727272727272
284,44,1629.0
284,108,439.75
284,114,548.6666666666666
284,123,388.4
284,131,1673.0
284,150,1460.0
284,152,801.0
284,167,1635.0
284,261,1593.0
284,287,332.57142857142856
285,32,258.9
285,60,544.6666666666666
285,120,870.5
285,129,1460.0
285,138,483.0
285,155,1564.0
285,173,1488.0
285,178,878.0
285,184,568.3333333333334
285,194,420.6
285,262,1738.0
285,306,832.5
285,313,457.5
285,322,427.0
286,19,238.7692307692308
286,80,468.2
286,90,452.75
286,113,517.5
286,118,446.5
286,136,1601.0
286,139,549.0
286,151,1555.0
286,159,586.6666666666666
286,170,946.5
286,191,933.5
286,193,560.3333333333334
286,212,979.0
286,291,234.75
286,315,1535.0
286,329,617.6666666666667
287,2,522.6666666666667
287,17,816.0
287,57,398.22222222222223
287,80,1706.0
287,89,1582.0
287,108,394.4
287,148,240.11111111111111
287,191,809.0
287,201,600.75
287,254,283.77777777777777
287,301,1657.0
287,308,347.0
288,17,450.0
288,48,1638.0
288,93,300.4
288,104,1628.0
288,139,377.5
288,143,1630.0
288,146,1525.0
288,185,475.5
288,187,788.0
288,247,260.42857142857144
288,276,563.0
288,302,294.1666666666667
288,307,830.0
288,312,817.0
288,315,277.1428571428572
289,1,1647.0
289,48,794.5
289,85,445.0
289,101,1790.0
289,134,779.5
289,177,770.0
289,193,587.6666666666666
289,200,465.75
289,218,1535.0
289,242,887.0
289,244,1550.0
289,263,479.75
289,290,906.0
289,303,766.3333333333333
290,1,175.33333333333334
290,31,758.5
290,101,364.2
290,118,792.0
290,129,883.5
290,138,500.0
290,155,418.5
290,197,414.75
290,231,279.625
290,255,252.25
290,264,376.5
290,305,1802.0
290,312,1589.0
290,313,334.8333333333333
290,317,740.0
291,12,264.0
291,41,424.5
291,90,1716.0
291,108,928.5
291,146,231.4375
291,201,730.3333333333333
291,227,160.15384615384616
291,236,614.3333333333333
291,239,799.0
291,243,291.42857142857144
291,295,1512.0
291,302,587.6666666666666
291,320,361.0
292,46,557.6666666666666
292,80,757.5
292,94,621.6666666666667
292,97,343.4
292,110,667.0
292,111,857.0
292,114,1575.0
292,115,1608.0
292,119,852.5
292,137,408.25
292,143,487.5
292,153,1530.0
292,182,831.0
292,220,295.0
292,223,236.625
292,252,547.75
292,278,440.6
292,287,844.0
292,295,843.5
293,14,477.75
293,25,1489.0
293,98,470.25
293,109,1460.0
293,111,791.5
293,112,633.0
293,152,609.3333333333333
293,177,337.4
293,203,1571.0
293,265,828.5
293,266,297.57142857142856
293,283,776.0
293,290,1659.0
293,292,550.3333333333334
293,302,491.0
293,324,1555.0
294,7,407.25
294,20,1521.0
294,33,674.0
294,109,899.0
294,112,1664.0
294,127,1523.0
294,207,854.0
294,239,1656.0
294,247,1505.0
294,271,1626.0
294,285,763.0
294,315,1565.0
295,5,384.7142857142857
295,13,380.6
295,72,1561.0
295,88,772.0
295,183,823.0
295,184,921.5
295,190,759.5
295,230,1642.0
295,244,1554.0
295,291,771.5
295,292,1616.0
295,296,206.3846153846154
295,315,597.0
296,7,340.57142857142856
296,24,1564.0
296,39,1636.0
296,80,223.91666666666669
296,86,794.0
296,111,1073.5
296,121,260.25
296,144,493.4
296,145,403.6
296,151,375.5
296,154,431.83333333333337
296,156,1460.0
296,159,363.2
296,165,343.8333333333333
296,177,854.0
296,219,843.0
296,251,1460.0
296,261,645.3333333333334
296,307,551.6666666666666
296,330,767.5
297,0,863.5
297,17,364.0
297,20,421.125
297,46,795.5
297,61,811.5
297,97,1460.0
297,119,1548.0
297,129,1775.0
297,160,508.5
297,170,865.0
297,180,321.125
297,188,1609.0
297,194,223.0909090909091
297,197,546.6666666666666
297,205,394.75
297,231,1550.0
297,239,421.5
297,244,886.0
297,286,788.5
297,304,184.91666666666663
298,15,1488.0
298,26,1698.0
298,42,1550.0
298,48,608.6666666666667
298,63,315.7142857142857
298,74,292.625
298,108,318.2
298,111,1527.0
298,125,397.0
298,153,836.0
298,154,1460.0
298,206,1541.0
298,241,404.2
298,276,1596.0
299,7,1752.0
299,37,1595.0
299,54,964.5
299,65,1581.0
299,75,548.3333333333334
299,77,527.0
299,88,592.6666666666667
299,109,942.0
299,117,841.0
299,164,305.3333333333333
299,217,189.07142857142856
299,221,790.5
299,238,432.5
299,268,319.0
300,6,740.0
300,60,797.5
300,71,1620.0
300,112,1515.0
300,143,812.0
300,146,1610.0
300,198,1569.0
300,214,565.25
300,259,1601.0
300,296,657.5
300,312,446.75
301,14,324.8333333333333
301,36,882.5
301,52,519.5
301,59,456.25
301,126,1581.0
301,143,1617.0
301,166,865.5
301,232,360.6
301,253,1624.0
301,254,1509.0
301,255,832.5
301,293,847.5
301,307,1460.0
302,27,1613.0
302,56,822.5
302,72,1508.0
302,101,521.0
302,105,1618.0
302,135,883.5
302,139,888.0
302,148,1460.0
302,153,577.3333333333334
302,183,400.6
302,199,885.0
302,215,1810.0
302,224,988.0
302,235,621.3333333333333
302,267,1644.0
302,312,616.25
302,327,1460.0
303,21,821.5
303,40,312.8571428571429
303,75,876.0
303,87,1568.0
303,116,452.0
303,120,238.54545454545456
303,152,803.0
303,164,567.0
303,170,431.5
303,185,895.0
303,192,336.55555555555554
303,209,333.0
303,219,291.44444444444446
303,255,397.0
303,257,1509.0
303,322,450.75
304,8,795.0
304,24,296.0
304,25,1557.0
304,47,1460.0
304,51,301.42857142857144
304,122,231.9090909090909
304,138,793.0
304,153,1594.0
304,180,935.0
304,182,308.0
304,202,261.5
304,227,557.3333333333334
304,229,740.0
304,255,265.2857142857143
304,258,492.75
304,259,764.0
304,299,808.5
304,317,304.8333333333333
305,30,1724.0
305,48,519.2
305,91,1538.0
305,123,769.0
305,133,809.5
305,139,1614.0
305,160,1700.0
305,222,881.5
305,233,399.8
305,267,1717.0
306,27,648.3333333333334
306,28,1507.0
306,29,471.25
306,48,1529.0
306,93,819.0
306,116,1460.0
306,123,962.0
306,199,816.5
306,243,387.3333333333333
306,252,1577.0
306,271,459.75
306,276,1513.0
306,287,405.0
306,292,667.6666666666666
306,308,1582.0
306,310,1741.0
306,319,1460.0
306,324,758.5
306,330,366.8
307,4,327.6666666666667
307,22,1585.0
307,25,330.8333333333333
307,26,1515.0
307,28,1482.0
307,68,291.58333333333337
307,71,867.5
307,75,304.0
307,84,784.5
307,115,1748.0
307,122,1619.0
307,151,1460.0
307,154,789.5
307,179,1706.0
307,195,446.5
307,205,283.7142857142857
308,13,537.0
308,17,325.8333333333333
308,68,389.0
308,93,789.5
308,109,812.5
308,119,815.5
308,121,928.5
308,139,319.33333333333337
308,163,676.0
308,231,489.0
308,235,1526.0
308,242,749.3333333333333
308,250,1680.0
308,283,185.75
308,292,305.2857142857143
308,307,1671.0
308,319,920.5
308,329,521.75
309,3,1714.0
309,43,368.1666666666667
309,45,540.0
309,53,545.0
309,114,802.5
309,127,432.5
309,166,864.0
309,168,547.0
309,188,824.0
309,198,1521.0
309,226,696.3333333333333
309,243,1653.0
309,244,1578.0
309,247,388.4
309,249,351.0
309,261,617.6666666666667
309,270,421.4
309,276,291.3333333333333
309,307,842.5
309,328,1516.0
310,9,1569.0
310,51,1545.0
310,89,461.75
310,111,1460.0
310,146,501.5
310,161,869.5
310,166,1546.0
310,183,819.0
310,188,458.75
310,230,1460.0
310,268,833.5
310,283,534.0
311,26,1494.0
311,122,740.0
311,153,1676.0
311,162,740.0
311,213,224.3333333333333
311,216,1536.0
311,238,423.6
311,250,740.0
311,252,1089.0
311,255,222.16666666666669
311,258,1514.0
311,312,602.6666666666667
311,314,497.5
312,40,1460.0
312,74,778.5
312,93,228.9090909090909
312,105,328.6666666666667
312,152,499.25
312,169,802.0
312,229,1621.0
312,234,897.0
312,241,438.5
312,247,1589.0
312,250,1567.0
312,309,782.0
312,321,810.0
313,25,827.5
313,52,359.0
313,85,1653.0
313,97,1522.0
313,99,791.5
313,147,1554.0
313,170,633.6666666666666
313,191,1540.0
313,195,1630.0
313,254,399.2
313,262,529.2
313,267,694.0
313,295,521.25
313,319,1550.0
313,327,723.6666666666666
313,329,415.4
314,10,846.0
314,31,552.6666666666666
314,41,265.1428571428572
314,57,339.1666666666667
314,91,500.0
314,105,292.1666666666667
314,117,1578.0
314,157,842.5
314,178,562.6666666666666
314,187,1570.0
314,188,378.1666666666667
314,194,318.0
314,222,498.25
314,273,482.83333333333326
314,289,954.0
314,311,822.0
314,316,547.0
315,5,615.0
315,57,871.0
315,71,363.1666666666667
315,85,536.3333333333334
315,126,936.5
315,158,532.0
315,163,835.0
315,195,508.6666666666667
315,239,540.6666666666666
315,290,1588.0
316,20,835.5
316,47,693.6666666666666
316,58,791.5
316,77,222.3333333333333
316,109,302.625
316,138,780.5
316,149,1678.0
316,199,1583.0
316,224,585.3333333333334
316,225,304.0
316,230,558.0
316,277,885.5
316,291,1567.0
316,321,1655.0
316,323,643.3333333333334
316,325,1630.0
317,41,459.5
317,63,584.6666666666666
317,79,1667.0
317,80,1535.0
317,121,332.0
317,132,599.4
317,156,1460.0
317,158,560.0
317,160,1689.0
317,233,1620.0
317,255,556.3333333333334
317,263,422.875
317,280,1551.0
317,301,578.6666666666666
317,303,801.0
317,330,740.0
318,61,144.8421052631579
318,62,1554.0
318,75,267.5
318,105,1626.0
318,114,872.5
318,192,342.1428571428572
318,193,1739.0
318,220,1609.0
318,240,822.0
318,265,339.4
318,290,1616.0
318,308,888.5
318,312,798.0
318,330,397.75
319,25,1568.0
319,35,806.0
319,87,621.75
319,91,547.3333333333334
319,104,553.75
319,112,774.5
319,122,316.3333333333333
319,173,425.25
319,182,789.0
319,221,355.8
319,250,1609.0
319,264,816.0
319,275,592.0
319,294,1460.0
319,308,644.0
319,320,550.3333333333334
320,13,679.6
320,32,233.1538461538462
320,89,522.0
320,102,1582.0
320,152,645.6666666666666
320,166,1460.0
320,167,580.6666666666666
320,194,656.3333333333334
320,209,1622.0
320,230,316.0
320,236,1561.0
320,267,436.2
320,314,206.8333333333333
321,9,1515.0
321,14,351.8
321,54,1501.0
321,64,1751.0
321,139,1595.0
321,154,779.5
321,156,1460.0
321,161,338.6
321,188,1556.0
321,201,801.5
321,302,1655.0
321,305,351.6
321,316,792.0
322,22,632.0
322,37,575.0
322,43,561.8
322,44,1524.0
322,137,290.5
322,138,807.0
322,218,800.5
322,231,1071.0
322,268,461.25
322,284,837.5
322,307,460.75
322,318,265.1428571428572
323,36,876.5
323,43,1793.0
323,54,764.0
323,56,1026.5
323,67,496.6
323,77,362.8333333333333
323,87,813.0
323,90,1595.0
323,102,794.0
323,104,1661.0
323,131,1603.0
323,153,1671.0
323,180,500.25
323,189,902.5
323,196,533.0
323,197,214.57142857142856
323,200,334.8333333333333
323,222,850.0
323,237,1664.0
323,263,612.75
323,302,938.0
324,4,797.5
324,29,809.0
324,40,527.5
324,48,1586.0
324,119,872.5
324,156,325.1666666666667
324,164,1520.0
324,211,387.75
324,231,788.0
324,237,888.0
324,261,1614.0
324,285,570.3333333333334
324,289,805.5
324,295,316.5
324,329,926.5
325,25,1581.0
325,28,1618.0
325,42,1505.0
325,119,1673.0
325,145,1575.0
325,170,1737.0
325,178,1696.0
325,218,1571.0
325,249,1609.0
325,258,206.3846153846154
325,262,843.5
325,264,1539.0
325,266,438.75
325,271,315.44444444444446
325,310,773.5
325,313,522.25
325,316,1569.0
326,42,1620.0
326,43,441.75
326,89,250.41666666666669
326,98,862.5
326,101,1687.0
326,123,576.6666666666666
326,144,1606.0
326,172,1608.0
326,187,240.0769230769231
326,191,1545.0
326,219,1502.0
326,223,706.6666666666666
326,245,879.5
326,248,1460.0
326,308,439.75
327,38,1609.0
327,42,484.75
327,58,829.0
327,73,1512.0
327,78,843.5
327,136,316.3333333333333
327,168,413.5
327,235,1532.0
327,267,1605.0
327,274,481.5
327,280,1747.0
327,316,255.375
328,13,560.0
328,15,1568.0
328,82,563.0
328,109,812.5
328,113,1531.0
328,146,1497.0
328,206,1494.0
328,220,1460.0
329,12,718.5
329,43,1728.0
329,89,905.0
329,97,801.5
329,126,519.2
329,151,1685.0
329,154,829.5
329,155,546.5
329,156,793.0
329,198,884.0
329,255,765.5
329,291,476.83333333333326
330,55,375.6
330,58,525.25
330,62,1515.0
330,85,933.0
330,90,445.25
330,151,906.0
330,165,791.0
330,167,1747.0
330,194,595.3333333333333
330,198,903.0
330,210,368.5
330,219,1571.0
330,222,1615.0
330,231,793.0
330,236,526.0
330,259,809.0
330,287,1595.0
330,292,1534.0
330,327,1662.0
