source,target,WEIGHT
0,18,1572
0,65,824
0,93,779.5
0,149,1500
0,224,805
0,239,1597
0,281,1585
1,87,338.8
2,18,884.5
2,20,1537
2,51,936
2,81,460.25
2,86,436.25
2,87,304
2,143,841
2,150,604
2,162,1668
2,168,813.5
2,170,367.6
2,190,1545
2,219,1588
2,224,813.5
2,231,1460
2,236,361.8
2,270,1555
2,271,1539
2,280,1631
2,282,1590
2,291,817
3,214,784.5
4,18,775.5
5,87,409.25
6,86,1599
6,170,1543
6,236,1563
6,282,787
7,115,1596
7,191,858
7,202,1460
7,217,1535
7,230,1583
7,268,882
7,310,1588
8,18,815.5
8,65,1555
8,87,799.5
8,150,1500
9,18,413
9,65,416
9,84,1525
10,18,876
10,51,560
10,65,610
10,84,807.5
10,93,835
10,108,772
10,149,808
10,191,499.25
10,194,1460
10,202,1645
10,224,1460
10,235,793.5
10,310,906
11,224,740
12,86,1460
13,280,766
14,81,794.5
14,86,1516
14,87,788
14,150,827.5
14,168,1569
15,93,1506
16,235,1511
17,18,1619
17,20,1570
17,86,275.1666667
17,87,369
17,150,412.25
17,170,285.2857143
17,224,281.3333333
17,236,1460
17,282,796
17,294,1559
18,0,1542
18,2,931.5
18,4,772
18,8,829
18,9,409.5
18,10,842
18,17,1688
18,19,1561
18,20,366.6666667
18,21,521
18,25,483.75
18,30,335.8
18,37,819
18,38,301.1666667
18,40,233
18,42,784
18,47,574.3333333
18,48,1571
18,49,827.5
18,51,279.625
18,52,1679
18,53,416.5
18,57,517
18,58,809
18,59,339.6
18,60,1564
18,63,333.8333333
18,65,185.75
18,66,359
18,75,1519
18,76,763
18,77,421.5
18,80,555.3333333
18,81,340.1428571
18,82,560.3333333
18,84,203.0769231
18,86,311.2307692
18,87,233.1538462
18,88,775.5
18,92,849
18,93,236.9
18,98,424.5
18,102,934
18,106,797.5
18,108,218.4
18,109,362
18,112,791.5
18,115,167.952381
18,118,1595
18,120,818.5
18,127,534
18,128,802.5
18,129,1559
18,132,585.3333333
18,133,429.75
18,134,286.1666667
18,136,788
18,138,1658
18,139,785.5
18,143,338.4285714
18,144,573.3333333
18,146,522.6666667
18,149,305.2857143
18,150,241.3333333
18,151,863
18,153,557.3333333
18,155,358.4
18,157,1565
18,159,1680
18,160,367
18,161,263.5714286
18,162,326.5714286
18,168,401.4545455
18,170,390.25
18,177,551
18,178,824
18,179,205.4375
18,181,457.25
18,190,331.3333333
18,191,155.6315789
18,193,821
18,194,380
18,196,318
18,199,533
18,202,171.6842105
18,203,354
18,205,567
18,206,785.5
18,207,818.5
18,208,560
18,212,846
18,214,305
18,215,261.5
18,216,1670
18,217,414.25
18,218,798.5
18,221,503.5
18,222,501
18,223,881
18,224,197.6363636
18,225,431.25
18,230,242.4444444
18,231,884
18,235,231.9090909
18,236,461.1428571
18,241,363.4
18,243,356.8
18,251,843
18,253,1573
18,257,256.375
18,260,312.8333333
18,263,1751
18,264,791
18,265,783
18,268,234.7
18,270,579
18,271,443.8
18,272,346.6
18,274,828.5
18,279,348.6
18,280,460.75
18,282,599.4
18,283,834
18,287,591
18,288,1753
18,290,560.75
18,291,422.375
18,293,1026.5
18,294,1006.5
18,297,372.8
18,299,334.8333333
18,301,685.3333333
18,302,1656
18,307,831.5
18,308,543.3333333
18,310,172.6
18,311,539
18,312,1544
18,313,611
18,314,970
18,319,411.25
18,323,1498
18,324,425.25
18,325,835.5
19,18,1575
19,23,1663
19,38,1550
19,65,1573
19,86,1621
19,93,788
19,214,761.5
19,224,1460
20,2,1552
20,17,1620
20,18,339.6666667
20,38,396.2
20,40,681
20,50,1645
20,51,659.6666667
20,65,502.5
20,77,1568
20,81,414.25
20,84,1604
20,86,267.3
20,87,241
20,93,865
20,102,392
20,108,448
20,115,633
20,143,533
20,149,886
20,150,294.1666667
20,155,841.5
20,161,1575
20,162,455.4
20,168,355.25
20,170,289.3333333
20,171,1515
20,180,915.5
20,190,578.6666667
20,191,251.7272727
20,202,346.6666667
20,214,854
20,215,440
20,219,1668
20,221,789.5
20,224,315.1666667
20,231,1700
20,235,904.5
20,236,359.5714286
20,248,1635
20,257,873
20,263,1667
20,268,867
20,270,554.75
20,280,738.6666667
20,282,591.75
20,288,842.5
20,290,1702
20,291,525.25
20,293,1670
20,294,1642
20,297,852.5
20,299,826.5
20,310,420.6
21,18,537.6666667
21,65,285.8333333
21,87,1611
21,115,834
21,149,803
21,224,1460
21,235,1532
21,281,804.5
22,65,473.75
22,149,1500
22,224,806.5
23,19,1614
23,33,1606
23,110,1626
23,118,1602
23,120,1621
23,123,1602
23,152,1571
23,214,1605
23,222,1598
23,237,1599
23,254,1567
23,258,1611
23,298,1618
23,325,1573
24,93,765
24,224,523.3333333
25,18,512.75
25,38,1610
25,51,536.3333333
25,65,608.6666667
25,84,544.3333333
25,86,1010.5
25,93,792.5
25,115,608.6666667
25,149,570.3333333
25,150,1697
25,168,1809
25,191,310.1428571
25,194,1460
25,202,439
25,214,925
25,224,543.6666667
25,230,1619
25,235,793.5
25,268,660.3333333
25,282,1828
25,290,930
25,310,547.75
26,86,1499
27,86,859
27,87,891
27,236,1527
27,282,1505
28,93,1541
29,65,1606
29,84,841.5
29,149,1567
29,235,836
30,18,340.8
30,51,1551
30,65,318.3333333
30,81,836
30,84,823.5
30,86,611.6666667
30,87,838.5
30,143,1551
30,150,1573
30,168,1698
30,179,1568
30,191,810
30,202,830
30,224,1567
30,235,1563
30,310,1524
31,86,1573
31,170,1511
31,282,1501
32,86,811.5
32,87,1609
32,214,1554
32,236,1460
32,280,872
32,291,798
33,23,1584
33,86,829.5
33,87,808.5
33,214,561.6666667
33,236,1615
34,214,760
35,168,862.5
35,219,843.5
35,280,403.75
36,232,1584
37,18,823.5
37,87,1602
37,224,740
38,18,303
38,19,1535
38,20,438.6
38,25,1564
38,40,492
38,50,1717
38,51,573.3333333
38,59,797
38,60,1538
38,63,768.5
38,65,274.8571429
38,66,1512
38,81,416.8
38,84,300.5714286
38,86,386.7142857
38,87,340.5714286
38,93,442.5
38,98,800.5
38,108,410.8
38,115,368.5
38,143,618.6666667
38,149,812
38,150,375.5
38,157,1573
38,161,807
38,162,612.3333333
38,168,609
38,170,519.8333333
38,179,274.4444444
38,190,783.5
38,191,343.3333333
38,194,500
38,202,373.3333333
38,203,804.5
38,205,1552
38,214,598.3333333
38,215,816
38,217,798.5
38,219,1716
38,221,1569
38,224,178
38,225,1531
38,235,399.8
38,236,491.8
38,241,799.5
38,243,801.5
38,248,1711
38,257,801
38,268,1564
38,270,1000
38,271,881.5
38,272,1518
38,280,1014
38,282,1729
38,288,1746
38,290,1667
38,291,943
38,294,1710
38,297,829
38,299,1505
38,310,346.3333333
38,324,799
39,86,397
39,87,667
39,123,1518
39,150,1648
39,168,811.5
39,170,480
39,214,883.5
39,219,816
39,224,827
39,227,1536
39,231,563.3333333
39,236,468.5
39,248,1568
39,270,842
39,280,228.9090909
39,282,388.4
39,288,825
39,291,545
39,293,806
40,18,296.6
40,20,1006
40,29,1460
40,38,539
40,49,1460
40,51,382.6
40,52,1775
40,59,630.6666667
40,63,572.3333333
40,65,288.5555556
40,66,855
40,77,872.5
40,84,209.5384615
40,86,479.5
40,87,519
40,93,496.25
40,108,309.1666667
40,109,1653
40,115,278.2727273
40,138,1756
40,143,1715
40,149,579
40,150,625.5
40,155,880.5
40,161,649
40,162,224.3333333
40,168,842
40,170,496.9
40,179,332.2
40,191,279
40,194,1460
40,202,328.1818182
40,203,1621
40,214,471.25
40,215,1664
40,217,1574
40,224,223.0909091
40,230,443
40,231,1828
40,235,291.4285714
40,236,1081
40,241,593
40,248,1820
40,257,364.1666667
40,260,592
40,265,1530
40,268,404.7142857
40,270,1845
40,272,1598
40,280,679.6
40,282,762.5
40,290,626.25
40,291,817.6666667
40,297,1642
40,299,918
40,301,930
40,307,1460
40,310,482.2
41,87,1509
42,18,783.5
43,108,852
43,115,873
43,162,968.5
43,191,492.75
44,214,1489
45,87,810
45,150,794
46,291,1516
47,18,563.3333333
47,65,827.5
47,87,570.3333333
47,150,791.5
48,18,1614
48,65,624
48,84,819.5
48,93,1567
48,108,548.6666667
48,149,817.5
48,162,541
48,202,1655
48,224,1591
48,235,808
49,18,851
49,40,1515
49,51,533.6666667
49,65,832
49,84,795
49,86,1672
49,87,1683
49,93,794.5
49,108,432.5
49,115,823
49,149,787
49,162,422
49,168,1738
49,179,1508
49,191,448.8
49,194,1460
49,224,787
49,235,793
49,236,1736
49,268,897
49,290,1697
49,310,891.5
50,20,1601
50,38,1666
50,81,1613
50,86,423
50,87,883.5
50,143,1626
50,168,265.2857143
50,219,302.8333333
50,231,1577
50,236,323.6666667
50,263,1519
50,280,593
50,282,351.8
50,288,356
50,291,472
50,293,435.75
51,2,1001.5
51,10,550.6666667
51,18,273.3333333
51,20,711
51,25,520
51,30,1569
51,38,601
51,40,360.6
51,49,533
51,59,576.6666667
51,63,557
51,65,324.5
51,66,801.5
51,77,817
51,81,695.6666667
51,86,606.5
51,87,584
51,93,431.75
51,115,271.2727273
51,134,1532
51,143,696.3333333
51,150,621.3333333
51,155,834
51,157,528.3333333
51,160,1601
51,161,564
51,168,677.75
51,170,712.75
51,179,775.5
51,190,900.5
51,191,201.9411765
51,194,537
51,196,1596
51,201,541.6666667
51,202,300
51,203,854.5
51,214,654
51,215,655.3333333
51,217,565.3333333
51,224,375.6
51,225,534
51,230,510.75
51,236,792.6666667
51,241,779
51,251,531
51,253,543.6666667
51,257,533.3333333
51,265,787
51,268,396.3333333
51,270,1775
51,271,960.5
51,272,823.5
51,279,1550
51,280,1460
51,282,1799
51,290,705.6666667
51,291,1016.5
51,297,631
51,299,581.6666667
51,307,545
51,310,315.7142857
51,324,1584
52,18,1658
52,40,1680
52,65,1662
52,81,1608
52,86,273
52,87,892
52,115,1717
52,150,1632
52,162,1680
52,168,829.5
52,170,470
52,214,850
52,224,644
52,270,1586
52,280,611.6666667
52,282,857.5
52,291,553
53,18,420.5
53,65,410.5
53,84,800
53,87,893
53,149,1525
53,235,1536
54,65,568.3333333
54,84,1507
54,149,1502
54,191,1460
54,235,1513
54,310,1460
55,291,1500
56,224,1517
57,18,530.3333333
57,65,422.25
57,84,1536
57,87,866.5
57,224,788
58,18,819
58,65,358.4
58,149,763
58,179,1514
59,18,345.4
59,38,815
59,40,603
59,51,567.3333333
59,65,352.4
59,81,1606
59,84,369.8
59,86,957.5
59,87,899
59,93,1550
59,108,304.3333333
59,115,1534
59,143,1460
59,149,566
59,150,809.5
59,162,589
59,170,1790
59,179,586.6666667
59,194,1460
59,202,815.5
59,224,740
59,235,823
60,18,1564
60,38,1535
60,65,1460
60,86,857
60,87,615
60,93,1521
60,214,760.5
60,224,500
60,232,1616
60,236,1624
61,93,1512
61,214,1544
62,149,1490
62,224,1460
63,18,347.8333333
63,38,821.5
63,40,545.6666667
63,51,545
63,65,375.8
63,84,551.6666667
63,86,684.6666667
63,87,680.6666667
63,93,508
63,108,438.5
63,115,603
63,149,791
63,150,909
63,162,809.5
63,168,764.6666667
63,170,1747
63,179,372.8
63,191,324.125
63,194,1460
63,202,534
63,214,843
63,224,414
63,235,792
63,236,755.6666667
63,268,370.4285714
63,282,1762
63,297,1602
63,299,1550
63,310,437.6
64,87,782.5
65,0,809
65,8,1579
65,9,409.75
65,10,587.3333333
65,18,195.0909091
65,19,1573
65,20,536.25
65,21,287
65,22,458.75
65,25,585
65,29,1572
65,30,323.5
65,38,269.75
65,40,248
65,47,842.5
65,48,567
65,49,815.5
65,51,315
65,52,1719
65,53,401.25
65,54,559
65,57,429.75
65,58,353.6
65,59,339.4
65,60,799.5
65,63,372.6
65,66,369.4
65,75,527.3333333
65,76,796
65,77,371.2
65,80,561.6666667
65,81,1611
65,82,441.75
65,84,275
65,86,388.1111111
65,87,291.5833333
65,92,871
65,93,335
65,98,814
65,103,807.5
65,106,822
65,107,418.5
65,108,221.0909091
65,109,484
65,112,405.5
65,115,334
65,116,763
65,117,831
65,118,1623
65,120,816.5
65,127,560
65,128,834
65,132,833
65,133,286
65,134,282.3333333
65,139,780
65,144,1553
65,146,566
65,147,1510
65,149,272.4285714
65,150,519
65,153,340.4
65,155,451
65,158,783
65,159,1726
65,160,833
65,161,433
65,162,388.2
65,168,543.1666667
65,170,674
65,177,557.6666667
65,178,853
65,179,257.25
65,181,606
65,187,413.5
65,190,507.25
65,191,212.2727273
65,193,441.75
65,196,400.6
65,199,808.5
65,201,836.5
65,202,261.4444444
65,203,838.5
65,205,571.6666667
65,208,595.3333333
65,212,607.3333333
65,214,648.3333333
65,215,478.75
65,217,337.4
65,218,413.5
65,221,891.5
65,222,883.5
65,224,173.6
65,225,427
65,230,463.5
65,231,1780
65,233,533.6666667
65,234,424.5
65,235,267.5
65,236,565.6
65,237,839
65,241,316.3333333
65,243,459.5
65,251,587.3333333
65,253,1571
65,257,291
65,260,301.8333333
65,264,296.8333333
65,265,578.6666667
65,268,392.6
65,270,801.3333333
65,271,905
65,272,346.8
65,274,823.5
65,276,798
65,279,441.25
65,280,1779
65,282,814
65,283,622.3333333
65,287,621.3333333
65,290,678.6666667
65,291,749.3333333
65,293,1773
65,297,463.25
65,299,386.6
65,301,919.5
65,302,1645
65,307,824.5
65,308,563.6666667
65,310,380.6
65,311,526.3333333
65,312,1525
65,313,879.5
65,319,347
65,324,576.6666667
65,325,1589
66,18,368.6
66,38,1525
66,40,582.6666667
66,51,547.3333333
66,65,366.8
66,81,1615
66,84,434
66,86,675.6666667
66,87,669
66,93,534.3333333
66,108,811.5
66,115,484.75
66,143,1625
66,149,789
66,150,922
66,162,831.5
66,168,982
66,170,1728
66,179,334.8333333
66,191,284.5
66,194,518.6666667
66,202,522.25
66,214,843
66,224,251.5714286
66,235,558
66,236,746.6666667
66,268,339.4285714
66,280,1754
66,297,1582
66,299,1533
66,310,497.5
67,87,877.5
67,224,757
68,224,740
69,86,1509
70,86,771.5
71,81,1543
71,86,247.8571429
71,87,582
71,150,857.5
71,168,828.5
71,170,1582
71,191,1648
71,194,1460
71,224,848.5
71,236,819.5
71,271,1556
71,291,577.3333333
72,87,740
72,224,1513
73,86,1508
73,291,1515
74,87,369
74,143,773
74,150,526.6666667
75,18,771.5
75,65,531.3333333
76,18,764.5
76,65,792
76,87,1570
77,18,434
77,20,1609
77,40,830
77,51,801
77,65,368.4
77,84,797.5
77,86,546.5
77,87,473.6
77,93,525.3333333
77,108,387
77,115,1586
77,149,563.3333333
77,150,916.5
77,162,1548
77,168,1689
77,179,340.6666667
77,191,412
77,194,1505
77,202,633.6666667
77,214,589.6666667
77,224,339.8
77,232,1575
77,235,569.3333333
77,236,732.6666667
77,268,589
77,280,1738
77,291,1676
77,297,1576
77,310,608
78,93,1513
78,214,1494
78,224,764
79,86,754
80,18,558.6666667
80,65,573.3333333
80,87,1608
80,235,1568
81,2,470.25
81,14,797
81,18,315.7142857
81,20,419
81,30,813
81,38,574
81,50,1640
81,51,480.5
81,52,1619
81,59,1568
81,65,1575
81,66,1571
81,71,1554
81,84,513
81,86,271.5555556
81,98,822.5
81,102,447.75
81,115,511.75
81,138,1587
81,143,310.3333333
81,145,1532
81,150,355
81,155,1540
81,161,1569
81,168,463.6
81,170,483.4
81,171,766
81,179,662
81,180,1639
81,181,783
81,188,557.3333333
81,190,424.5
81,191,344.8571429
81,194,380
81,196,794.5
81,202,633
81,203,1556
81,214,1560
81,215,443.75
81,216,1576
81,219,935
81,222,1531
81,223,1626
81,224,404
81,231,1685
81,235,1606
81,236,392.3333333
81,241,1591
81,243,1535
81,248,1625
81,257,1583
81,268,1589
81,270,550.25
81,271,550.6666667
81,272,1564
81,279,1544
81,280,740
81,282,1664
81,288,1658
81,291,880.5
81,293,1671
81,294,1631
81,297,1574
81,299,447.75
81,310,493.5
81,313,776.5
81,324,819.5
82,18,577.6666667
82,65,568
82,84,797
82,87,1616
82,93,1494
82,149,801.5
82,179,1540
82,224,1512
82,235,540.3333333
83,224,755
84,9,1538
84,10,796
84,18,205.4615385
84,20,1666
84,25,538.6666667
84,29,818
84,30,846
84,38,328
84,40,199.6666667
84,48,812.5
84,49,789.5
84,53,807
84,54,1516
84,57,1551
84,59,385.2
84,63,560.3333333
84,65,286.1428571
84,66,425
84,75,1512
84,77,818
84,81,526.25
84,82,816
84,86,600.75
84,87,397
84,92,886
84,93,363.2
84,98,1586
84,108,541
84,109,1604
84,115,411.8
84,132,830
84,133,789.5
84,134,811
84,143,689.6666667
84,144,766
84,146,1562
84,150,493.4
84,153,797
84,155,593.6666667
84,160,1607
84,161,477
84,162,354.6
84,166,1546
84,170,617
84,179,261.8571429
84,190,667.6666667
84,191,277.5
84,194,532
84,196,869.5
84,199,1567
84,201,564.6666667
84,202,314.375
84,203,1566
84,205,1581
84,214,528
84,215,647.6666667
84,221,1663
84,224,175.3333333
84,225,534.6666667
84,230,411.2
84,231,1795
84,235,413.75
84,236,695.6666667
84,241,538.3333333
84,243,869.5
84,251,430.25
84,253,567
84,257,546.6666667
84,265,547.3333333
84,268,514
84,272,827.5
84,279,823
84,280,1073.5
84,282,1801
84,290,1651
84,291,1737
84,297,627.3333333
84,299,380.6666667
84,307,788
84,308,1576
84,310,430.2
84,319,817.5
84,324,1579
85,224,1460
86,2,431.5
86,6,1597
86,12,1491
86,14,1514
86,17,278.5
86,18,307.3
86,19,1582
86,20,282.5555556
86,25,913
86,26,1492
86,27,857
86,30,591
86,31,1568
86,32,809
86,33,774.5
86,38,321.375
86,39,339.1666667
86,40,383.625
86,49,1601
86,50,499.75
86,51,435.6
86,52,308.2857143
86,59,905.5
86,60,588.3333333
86,63,629.3333333
86,65,337.1111111
86,66,629
86,69,1514
86,70,740
86,71,216.5
86,73,1509
86,77,503.75
86,79,751.5
86,81,319
86,84,501
86,87,214.5714286
86,90,333.6
86,92,551.3333333
86,93,336
86,95,764.5
86,99,508.6666667
86,102,578.6666667
86,105,882
86,108,478
86,110,560
86,111,614.3333333
86,113,853.5
86,115,428.8333333
86,118,451.25
86,121,764.5
86,123,500.75
86,126,410.5
86,132,611
86,134,1608
86,135,842.5
86,137,775.5
86,138,339.2
86,141,1552
86,143,381.6666667
86,145,1594
86,146,1585
86,148,1510
86,149,336.5555556
86,150,256.5
86,151,426
86,152,524
86,155,489.75
86,159,432.5
86,161,910
86,162,927
86,163,1541
86,164,825.5
86,167,1488
86,168,206.3846154
86,170,207.5
86,173,1499
86,174,1460
86,179,354.2222222
86,180,852
86,181,846
86,182,802.5
86,188,821.5
86,190,367.6
86,191,323.8333333
86,194,500
86,196,612.3333333
86,198,876.5
86,202,382.3333333
86,203,489
86,206,1562
86,209,793
86,211,1586
86,212,836
86,213,840
86,214,269.7777778
86,215,515.25
86,216,298.3333333
86,219,382.8
86,221,320
86,222,361
86,223,484.75
86,224,295.875
86,225,905
86,231,294.7272727
86,235,472.6
86,236,188.25
86,241,642.3333333
86,243,1610
86,244,1535
86,245,803.5
86,248,413.6
86,249,1488
86,254,417.5
86,256,865
86,257,468.8
86,260,898
86,261,1507
86,262,786
86,263,417
86,268,464.6
86,270,274.3
86,271,332
86,272,1625
86,273,504.5
86,275,868
86,279,862
86,280,246.1333333
86,282,288.2
86,283,781.5
86,284,811.5
86,286,797.5
86,287,1574
86,288,384.8333333
86,291,189.0714286
86,292,1518
86,293,275.1
86,294,370.1666667
86,297,923.5
86,299,275.2222222
86,303,1547
86,304,1532
86,307,1620
86,310,384.75
86,313,550.6666667
86,314,381.4
86,319,1597
86,322,761.5
86,325,1542
86,326,740
87,1,298.1666667
87,2,315.2857143
87,5,408.25
87,8,784
87,9,1557
87,14,796
87,17,522
87,18,209.3846154
87,20,206.8
87,21,1557
87,25,1613
87,27,930.5
87,30,576.6666667
87,32,1609
87,33,1581
87,37,817
87,38,384.4
87,39,922
87,40,424.8333333
87,41,1519
87,45,782
87,47,556.3333333
87,49,1583
87,50,923.5
87,51,525.25
87,52,897
87,53,848.5
87,57,830
87,59,852
87,60,581
87,63,847.5
87,64,778.5
87,65,264.9090909
87,66,603.3333333
87,67,820.5
87,71,586
87,72,500
87,74,325.1666667
87,76,1563
87,77,401.6
87,80,1576
87,82,831
87,84,340
87,86,222
87,90,567.3333333
87,91,814
87,92,558
87,93,459.75
87,98,822.5
87,99,802.5
87,102,305.1428571
87,105,1688
87,106,782
87,108,380.5714286
87,109,872.5
87,110,740
87,111,925.5
87,112,1575
87,114,869
87,115,342.8571429
87,118,828
87,119,540.6666667
87,120,1552
87,122,806
87,123,1661
87,125,1489
87,126,859.5
87,127,849
87,128,806
87,130,814
87,131,284.3333333
87,132,790.5
87,133,851
87,134,607
87,137,863.5
87,138,864
87,143,794
87,145,552.6666667
87,146,439
87,149,450
87,150,184.9166667
87,151,309
87,152,888.5
87,153,1581
87,155,584.6666667
87,159,882.5
87,160,435
87,161,489.5
87,162,540.25
87,168,272.4285714
87,169,510.6666667
87,170,272.3125
87,171,766.5
87,175,789.5
87,177,592.6666667
87,178,560
87,179,354.5
87,180,1638
87,181,304.8333333
87,183,455.75
87,188,369.2
87,190,344
87,191,265.0909091
87,193,1586
87,196,364.6
87,197,382.8
87,199,824.5
87,200,768.5
87,202,297.6
87,203,594
87,206,1460
87,207,786.5
87,208,547
87,211,1662
87,212,833.5
87,213,926
87,214,359.5
87,215,288.8571429
87,216,859
87,217,1577
87,221,290.5
87,222,572
87,223,545
87,224,160.1538462
87,225,874
87,230,636.6666667
87,231,607.75
87,235,410.6666667
87,236,260.5
87,237,1532
87,241,855
87,243,577.3333333
87,248,902.5
87,254,1460
87,257,506
87,260,867.5
87,263,929
87,266,816
87,268,507.5
87,269,557.6666667
87,270,392.1428571
87,271,231.2222222
87,272,606
87,273,1643
87,274,831.5
87,275,1653
87,279,464.75
87,280,429.625
87,282,430.2857143
87,283,427
87,287,414.75
87,288,1670
87,289,431.75
87,290,1693
87,291,398
87,293,701.3333333
87,294,478.6
87,295,815
87,296,740
87,297,857.5
87,299,569
87,301,1717
87,306,780.5
87,307,1595
87,308,833
87,310,373.8333333
87,311,841.5
87,313,407.5
87,314,434.6
87,317,531
87,318,523.6666667
87,319,598
87,324,596.3333333
87,325,265.8571429
87,328,1616
88,18,780
89,214,535
89,224,740
90,86,345.8
90,87,835.5
90,236,1516
91,87,1512
92,18,843
92,65,845.5
92,84,844
92,86,833
92,87,407.25
92,93,1527
92,150,1605
92,168,901
92,179,1586
92,202,1634
92,214,527.3333333
92,224,403.25
92,236,1613
92,291,1594
92,299,1507
93,0,796
93,10,770.5
93,15,1496
93,18,238.5454545
93,19,800.5
93,20,940
93,24,767
93,25,740
93,28,1511
93,38,462.75
93,40,437.5
93,48,1523
93,49,779.5
93,51,408.5
93,59,1557
93,60,1545
93,61,1460
93,63,507.3333333
93,65,343.8333333
93,66,524.3333333
93,77,534
93,78,1460
93,82,1495
93,84,368.8
93,86,378.2857143
93,87,452.4
93,92,1460
93,101,762
93,104,1515
93,108,232.2222222
93,115,341.2857143
93,120,1460
93,129,1512
93,132,395.5
93,144,1460
93,149,345.2
93,150,454
93,154,1526
93,155,765.5
93,161,859
93,162,351.6
93,166,516
93,168,475.5714286
93,170,415.5714286
93,177,770
93,179,213.2
93,184,1534
93,189,524.3333333
93,190,795
93,191,318.625
93,193,1514
93,194,394.75
93,196,795
93,202,319.8571429
93,203,535.3333333
93,210,1521
93,212,768
93,214,445
93,215,887
93,222,1572
93,224,170.3636364
93,225,740
93,230,1618
93,235,326.3333333
93,236,557.2
93,241,759
93,242,1500
93,251,775.5
93,253,1536
93,257,550.6666667
93,260,772.5
93,265,763
93,268,335.125
93,270,1727
93,271,1675
93,274,760
93,277,1508
93,279,768
93,280,524.8
93,282,779.3333333
93,291,542
93,297,1460
93,299,449.5
93,307,788.5
93,310,347
93,315,404
93,319,824
94,86,1547
94,164,1460
95,86,740
95,224,1460
96,280,773.5
97,224,763.5
98,18,425
98,38,805.5
98,65,802
98,81,844
98,84,1556
98,87,853.5
98,143,1548
98,150,845
98,299,1546
99,18,1618
99,86,500
99,87,570.3333333
99,150,1586
99,162,1666
99,170,844.5
99,179,1667
99,202,1460
99,224,540.3333333
99,235,1641
99,236,1460
99,282,1580
100,291,1460
101,93,773
102,18,879.5
102,20,445.75
102,81,452.5
102,86,587
102,87,296.4285714
102,143,1546
102,150,464.5
102,168,829
102,170,609.3333333
102,224,1597
102,236,322.1666667
102,271,800
102,280,1676
103,65,819
103,149,1504
104,93,1511
104,214,1514
105,87,944.5
105,168,1553
105,170,845
105,219,802
105,236,1577
105,280,357
105,282,546.3333333
105,291,829.5
106,18,802.5
106,65,798.5
106,87,878.5
106,224,770.5
107,65,442.75
108,10,771.5
108,18,232.4
108,20,495
108,38,386.6
108,40,261.4285714
108,43,926.5
108,48,1509
108,49,363
108,59,311.5
108,63,456.25
108,65,224
108,66,828.5
108,77,415.6
108,84,551
108,86,545.2
108,87,426.25
108,93,232.8888889
108,109,670.6666667
108,115,265.3846154
108,132,859.5
108,133,456.25
108,134,844
108,149,546.6666667
108,150,376.5
108,155,580.6666667
108,159,1739
108,161,428.2
108,168,492.4285714
108,170,453.9090909
108,190,1645
108,191,227.7777778
108,196,1617
108,201,1502
108,202,269.8461538
108,203,806.5
108,212,1593
108,214,475.6
108,215,566.25
108,216,1747
108,217,825.5
108,224,283.7777778
108,225,433
108,230,282.6363636
108,231,1088
108,236,519
108,241,369.6
108,251,529
108,253,546
108,257,264
108,260,318
108,265,308
108,268,380.7142857
108,270,710.75
108,271,1696
108,272,461.25
108,279,855.5
108,280,587.8
108,282,496.4545455
108,290,417.8571429
108,291,1020
108,294,1093
108,297,380.4285714
108,299,607
108,301,684.3333333
108,307,779.5
108,310,327.1111111
108,325,1653
109,18,363.8
109,65,489.5
109,84,1602
109,87,893.5
109,108,661.6666667
109,149,882.5
109,150,1600
109,162,1460
109,179,1617
109,202,405
109,224,832
109,235,884
110,23,1605
110,86,535.6666667
110,87,1460
110,214,540
110,224,500
110,239,1651
111,86,619.3333333
111,87,907.5
111,168,547
111,170,543
111,224,740
111,231,1552
111,236,1460
111,270,1509
111,280,633
111,282,531
111,291,819.5
112,18,799
112,65,419.5
112,87,1630
113,86,841
113,214,876
113,224,1460
113,280,819
113,291,813
114,87,853
114,236,753
115,7,1460
115,10,1616
115,18,171
115,20,652.6666667
115,21,829
115,25,645.6666667
115,38,354.3333333
115,40,265.0909091
115,43,858.5
115,49,899
115,51,275.1
115,52,1747
115,59,1460
115,63,632
115,65,340.6666667
115,66,506
115,77,1593
115,81,535.5
115,84,399.2
115,86,421.1428571
115,87,384.7142857
115,93,332.5714286
115,108,260.5714286
115,118,1659
115,138,1735
115,143,516
115,144,1615
115,149,1592
115,150,359
115,155,479.75
115,157,1602
115,161,791
115,162,253.0909091
115,168,885.5
115,170,577.3333333
115,172,1591
115,179,250.4166667
115,190,613
115,191,537
115,194,380
115,201,1622
115,203,663
115,214,1654
115,215,480
115,217,1539
115,224,299.7
115,226,1608
115,229,1621
115,231,1820
115,235,340
115,236,1016
115,237,1619
115,241,508.5
115,251,887
115,257,787
115,260,848
115,270,1055.5
115,271,1625
115,279,1460
115,280,927
115,282,718.5
115,290,349.4285714
115,291,1014.5
115,299,447.2
115,301,1585
115,302,1594
115,310,779
115,319,1550
115,320,1554
116,65,776
117,65,830.5
117,224,740
117,232,1617
117,239,1605
117,281,1599
117,297,1605
118,18,1589
118,23,1593
118,65,1595
118,86,551.6666667
118,87,1585
118,115,1653
118,168,1615
118,214,525.3333333
118,224,522
118,236,1599
118,281,1627
119,87,549.3333333
120,18,829.5
120,23,1669
120,65,815.5
120,87,915
120,93,1460
120,214,1541
120,224,740
120,232,1589
120,235,1526
121,86,767
122,87,1534
123,23,1586
123,39,1506
123,86,485.75
123,87,1644
123,168,840.5
123,170,864
123,214,881
123,219,835.5
123,224,822.5
123,227,1503
123,231,801.5
123,236,618
123,270,1597
123,280,188.5
123,282,840.5
123,288,791.5
123,291,812.5
123,293,1544
124,214,531.3333333
125,87,1499
126,86,513.6666667
126,87,1560
126,236,1522
126,291,539.6666667
127,18,550.6666667
127,65,563
127,87,1605
127,202,765
128,18,792.5
128,65,1540
128,87,828.5
128,150,1526
129,18,1580
129,93,1506
129,214,787.5
129,224,740
130,87,838
131,87,279.1666667
131,150,776.5
132,18,602.6666667
132,65,1547
132,84,812
132,86,606.3333333
132,87,678
132,93,393.5
132,108,814.5
132,149,1528
132,150,1460
132,191,884
132,194,758
132,202,1624
132,214,546.3333333
132,224,279.1666667
132,232,1609
132,236,968.5
132,239,1607
132,268,901.5
132,281,1593
132,310,887.5
133,18,436.75
133,65,286.6666667
133,84,781
133,87,903.5
133,108,449
133,149,784
133,179,445.25
133,202,1563
133,224,788.5
133,235,792.5
134,18,287.6666667
134,51,1525
134,65,293.5
134,84,799.5
134,86,1692
134,87,646.3333333
134,108,781
134,143,1595
134,149,808.5
134,150,1593
134,179,1546
134,202,1547
134,224,789.5
134,235,813.5
135,86,783
135,280,1566
135,291,802
136,18,783
137,86,756
137,87,835
137,150,1585
138,18,1615
138,40,1655
138,81,1564
138,86,311.3333333
138,87,847.5
138,115,1686
138,143,1590
138,150,1595
138,170,1460
138,214,1559
138,224,871.5
138,270,1561
138,280,1601
139,18,786.5
139,65,786
139,149,1535
140,214,1460
141,280,1562
141,291,1516
142,150,1542
143,2,854
143,18,349
143,20,530.3333333
143,30,1533
143,38,579
143,40,1638
143,50,1664
143,51,648.3333333
143,59,1570
143,66,1573
143,74,775
143,81,300.8333333
143,84,635.6666667
143,86,378.1666667
143,87,543.6666667
143,98,1531
143,102,1565
143,115,494.25
143,134,1563
143,138,1627
143,145,545
143,155,1553
143,160,788.5
143,161,1554
143,168,480.6
143,170,698
143,179,901.5
143,180,1657
143,188,809
143,190,822.5
143,191,367.6666667
143,194,406.5
143,196,1518
143,202,611.6666667
143,215,544.3333333
143,216,1616
143,219,961
143,221,796
143,222,1557
143,236,532.5
143,241,1460
143,243,1521
143,268,1568
143,270,930.5
143,271,778.5
143,272,1563
143,288,1685
143,290,1684
143,291,1621
143,293,1683
143,294,1657
143,297,1557
143,299,583.6666667
143,310,480.5
143,313,1519
144,18,578.6666667
144,65,786.5
144,84,549
144,93,1460
144,191,1598
144,224,1618
144,230,531.25
144,268,911.5
144,310,1611
145,81,1529
145,86,1594
145,87,568.3333333
145,143,544.6666667
145,150,764
146,18,403.5
146,65,551.6666667
146,84,821.5
146,86,1630
146,87,587.3333333
146,149,1540
146,150,849
146,224,782
147,65,1500
147,281,1551
148,86,1516
149,0,1494
149,10,1511
149,18,285.75
149,20,949.5
149,21,805
149,22,1491
149,25,806.5
149,29,1549
149,38,1555
149,40,561.3333333
149,48,803
149,49,788
149,53,1525
149,54,1515
149,58,763.5
149,59,575.6666667
149,62,1497
149,63,795
149,65,284.2857143
149,66,797
149,77,575
149,82,815.5
149,86,398.6666667
149,87,523
149,93,375.6
149,103,1508
149,108,306
149,109,891.5
149,115,630
149,132,1545
149,133,786.5
149,134,807.5
149,139,1541
149,146,1561
149,150,558.75
149,153,1519
149,155,588
149,158,1503
149,161,841
149,165,1492
149,168,1034
149,170,621.2
149,179,547.3333333
149,190,1620
149,191,415.4
149,193,1482
149,201,1523
149,202,872.5
149,203,1598
149,214,644
149,215,818
149,217,1521
149,220,1460
149,224,843.5
149,225,537.6666667
149,229,803.5
149,230,865.5
149,231,1802
149,235,766.5
149,236,1024.5
149,241,534.6666667
149,243,1584
149,251,1517
149,253,1524
149,257,787
149,260,523.6666667
149,264,1500
149,265,740
149,268,628.3333333
149,270,1774
149,271,968
149,272,820
149,277,771
149,279,825
149,280,715.3333333
149,282,634.8
149,285,1486
149,290,928.5
149,293,1773
149,297,1588
149,299,862
149,301,1662
149,307,787
149,310,618
149,319,814
150,2,616
150,8,1499
150,14,825.5
150,17,467.5
150,18,227.3333333
150,20,289.6666667
150,25,1637
150,30,1551
150,38,344.6666667
150,39,1657
150,40,560
150,45,1522
150,47,542
150,51,888
150,52,1648
150,59,847
150,63,854.5
150,64,1479
150,65,491
150,66,851
150,71,1604
150,74,350.2
150,77,848
150,81,408
150,84,517.25
150,86,247.3076923
150,87,195.3636364
150,92,1460
150,93,404.2
150,98,820
150,99,1598
150,102,459.75
150,108,325.7
150,109,1590
150,115,340.4285714
150,128,795
150,131,777
150,134,1568
150,137,1605
150,138,1614
150,142,1540
150,145,791.5
150,146,1537
150,149,449.2
150,151,577.3333333
150,155,831
150,159,1631
150,160,789
150,161,840
150,162,1630
150,168,335.8
150,170,318.5833333
150,171,1539
150,178,539
150,179,327.3333333
150,181,559.3333333
150,183,1523
150,188,451.25
150,190,556
150,191,257.9090909
150,194,1460
150,195,1526
150,196,770
150,197,801.5
150,202,317.375
150,203,851.5
150,207,1500
150,208,800
150,214,499.75
150,215,240.125
150,216,1611
150,221,365.2
150,222,786
150,223,1654
150,224,309.625
150,225,1599
150,230,857.5
150,231,988
150,235,897.5
150,236,381.5714286
150,238,1460
150,241,866.5
150,243,1522
150,248,932.5
150,257,863.5
150,260,1595
150,263,1662
150,268,606.6666667
150,270,685
150,271,299.3333333
150,272,841
150,279,1551
150,280,561.8
150,282,445
150,283,1531
150,287,1496
150,288,959.5
150,290,721.3333333
150,291,424.6666667
150,293,962.5
150,294,693.6666667
150,297,1568
150,299,822
150,301,1691
150,310,357.5
150,313,796.5
150,314,647
150,319,597.3333333
150,321,1488
150,324,1528
150,325,1522
151,18,842.5
151,86,812
151,87,315.3333333
151,150,603
151,168,1596
151,214,1460
151,224,416.5
151,236,1580
151,280,1673
151,299,1510
152,23,1545
152,86,522.3333333
152,87,878
152,236,1545
152,280,1576
152,291,775.5
153,18,567.6666667
153,65,428.25
153,84,794
153,87,1628
153,149,1516
153,179,575
153,235,1526
154,93,1460
154,214,1510
155,18,367.2
155,20,903
155,40,837.5
155,51,771.5
155,65,450.75
155,81,1587
155,84,451
155,86,410.3333333
155,87,871.5
155,93,776
155,108,586.6666667
155,115,526
155,143,1612
155,149,567
155,150,887
155,162,833.5
155,168,650
155,179,345.1666667
155,191,294.2222222
155,202,523.5
155,214,581.3333333
155,224,324.8
155,232,1600
155,235,812.5
155,236,727.3333333
155,268,394.1666667
155,280,1730
155,281,1574
155,282,1731
155,297,623.3333333
155,310,358
156,214,1508
157,18,1599
157,38,1605
157,51,557
157,115,1620
157,191,520.5
157,230,532.75
157,235,1510
157,268,1632
157,310,661
158,65,841
158,93,1535
158,149,788.5
159,18,1642
159,65,1663
159,86,427.75
159,87,881
159,108,1671
159,150,1616
159,162,1678
159,170,536.3333333
159,214,1570
159,224,591.3333333
159,270,1569
159,280,844
159,282,857
159,291,778
160,18,359.2
160,51,1571
160,65,815.5
160,84,1568
160,87,455.5
160,143,803
160,150,808
160,191,1538
161,18,264.8571429
161,20,1602
161,38,818.5
161,40,623.6666667
161,51,592.6666667
161,65,438.75
161,84,463.25
161,86,952
161,87,521.75
161,93,850
161,108,490.75
161,115,766.5
161,143,1586
161,149,586.6666667
161,150,622
161,162,397.8
161,170,1753
161,179,461.25
161,202,265.1428571
161,224,488.5
161,235,846
161,299,1563
162,2,1725
162,18,310
162,20,493.8
162,38,637.3333333
162,40,195.5
162,43,925
162,48,764
162,49,425.25
162,50,1807
162,52,1755
162,59,598
162,63,586
162,65,402.2
162,66,588
162,77,1569
162,84,364.2
162,86,860
162,87,606.25
162,93,569.6666667
162,99,1724
162,109,1460
162,115,274.2727273
162,150,1673
162,155,621
162,159,1755
162,161,433
162,168,527.5
162,170,392.8125
162,191,240.0769231
162,202,250.4375
162,214,556
162,215,679.6666667
162,223,1791
162,224,308.5
162,226,769.5
162,230,332.4285714
162,231,651.5
162,235,1498
162,236,706.5
162,241,451.25
162,246,1652
162,248,1807
162,253,1502
162,257,290.4285714
162,260,1520
162,263,1788
162,265,420.25
162,268,602
162,270,487.8333333
162,271,1710
162,272,572.3333333
162,280,507.375
162,282,438.7692308
162,288,1823
162,290,329.9
162,291,668
162,294,1827
162,297,1460
162,301,686
162,307,1507
162,310,352.8571429
163,86,1555
163,224,1524
164,86,1460
164,94,763
165,149,1484
165,224,1460
166,84,1526
166,93,513.6666667
166,224,529
167,86,1460
168,2,802
168,14,1550
168,18,335.5833333
168,20,305.3333333
168,30,1641
168,35,881.5
168,38,552.75
168,39,1537
168,40,759
168,49,1672
168,50,271.5714286
168,51,608.5
168,52,844.5
168,63,587
168,65,476.8333333
168,66,836
168,71,586.6666667
168,77,1640
168,81,477
168,84,1688
168,86,212.6923077
168,87,242.7333333
168,92,883
168,93,424.1428571
168,102,813
168,105,1565
168,108,370.3333333
168,111,544.6666667
168,115,978.5
168,118,1606
168,123,863.5
168,143,454.6
168,149,964
168,150,307.7
168,151,1574
168,155,676
168,162,515.1666667
168,170,127.4
168,171,1555
168,180,421.5
168,181,1602
168,188,1553
168,190,638
168,191,612.75
168,194,555.6666667
168,196,1616
168,197,1603
168,202,499.8
168,203,618.6666667
168,214,416.3333333
168,215,827.5
168,219,230.4
168,221,859
168,222,879.5
168,223,414.25
168,224,307.5
168,227,1605
168,231,320.25
168,235,611.5
168,236,241.125
168,241,955
168,248,1493
168,257,723.6666667
168,263,318.6666667
168,270,262.5714286
168,271,501.25
168,273,548.3333333
168,278,1512
168,279,930
168,280,245
168,282,193.3846154
168,288,368.8
168,291,284.4285714
168,293,227.5
168,294,234.75
168,299,465.4
168,310,720.3333333
168,313,1583
168,314,790
169,87,524.6666667
170,2,360
170,6,1543
170,17,332.6666667
170,18,367.4545455
170,20,260.8461538
170,31,1522
170,38,509.4
170,39,483
170,40,449.2
170,51,750
170,52,489
170,59,1460
170,63,976.5
170,65,621.75
170,66,1684
170,71,1580
170,81,457.2
170,84,568.5
170,86,203.6315789
170,87,230.1176471
170,93,416.2857143
170,99,740
170,102,587.6666667
170,105,852.5
170,108,400.1
170,111,540
170,115,392.875
170,123,869.5
170,138,1460
170,143,899
170,149,554
170,150,295.9090909
170,155,844.5
170,159,740
170,161,1460
170,162,351.4705882
170,168,124.4285714
170,179,1728
170,190,664.3333333
170,191,398.2222222
170,194,740
170,196,1654
170,198,835.5
170,202,401
170,203,1662
170,211,1507
170,214,415.8333333
170,215,832.5
170,216,1558
170,219,305
170,221,881.5
170,222,1460
170,224,269.4615385
170,230,1714
170,231,262.6
170,235,472.8333333
170,236,157.7777778
170,241,1700
170,244,1515
170,248,1495
170,255,1537
170,256,793
170,257,988
170,263,248.75
170,268,996
170,270,753.5
170,271,522.25
170,273,1480
170,275,774.5
170,279,1460
170,280,248.7692308
170,282,144.8421053
170,287,1617
170,288,201.6363636
170,291,233.4166667
170,293,206.4
170,299,684.3333333
170,300,805.5
170,303,803
170,310,616.25
170,313,1613
170,314,370.2
171,20,1510
171,81,550.3333333
171,87,405
171,150,814.5
171,168,1571
171,236,1562
172,115,1597
172,191,1571
172,268,1460
173,86,1507
174,86,1460
175,87,797.5
175,150,1489
176,232,1583
176,281,1561
177,18,558
177,65,558.6666667
177,87,891.5
177,93,787
177,224,500
178,18,809
178,65,834
178,87,562.6666667
178,150,544.6666667
179,18,208
179,29,1514
179,30,1597
179,38,303.2222222
179,40,283
179,48,1505
179,49,1515
179,51,781.5
179,53,1557
179,58,1520
179,59,596
179,63,385.2
179,65,269.25
179,66,396
179,77,488.75
179,81,725.6666667
179,82,1563
179,84,241.75
179,86,421
179,87,422.875
179,93,254.5555556
179,99,1740
179,109,926.5
179,115,240.5833333
179,133,459.75
179,134,1561
179,143,966.5
179,149,550.3333333
179,150,360.1
179,153,581.3333333
179,155,501.5
179,161,502.75
179,170,1833
179,190,576
179,191,300.4
179,194,740
179,196,670.6666667
179,202,242.5714286
179,203,867.5
179,212,1596
179,214,483.4
179,215,1650
179,216,1460
179,217,1547
179,221,1709
179,222,936.5
179,224,169.9333333
179,225,361.2
179,230,404.8333333
179,241,372.8
179,243,1626
179,253,1501
179,257,301.4285714
179,260,439.75
179,264,1535
179,268,654.3333333
179,272,846.5
179,279,621.3333333
179,290,1460
179,297,900.5
179,299,416.1666667
179,307,1501
179,310,352.5
179,325,1667
180,20,811.5
180,81,1600
180,86,617.6666667
180,87,1608
180,143,1621
180,168,420.5
180,194,1460
180,219,362
180,236,436.75
180,263,1521
180,288,536
180,291,564
180,293,440.5
180,299,1639
181,18,446
181,65,588
181,81,799
181,86,863.5
181,87,330.8333333
181,150,571.6666667
181,168,1652
181,202,1579
181,224,818
181,236,1636
181,299,1516
182,86,813
182,214,766.5
182,224,1460
183,87,438
184,93,1460
184,214,752.5
184,224,760
185,224,1460
186,86,1567
186,291,806
187,65,422.25
188,81,547.3333333
188,86,778.5
188,87,430.75
188,143,805.5
188,150,564
188,168,1573
188,236,1560
189,93,527
189,224,1509
190,2,1571
190,18,305.8333333
190,20,853.5
190,38,811.5
190,40,1595
190,51,846
190,65,455.25
190,81,445.25
190,84,851
190,86,466
190,87,367
190,93,740
190,115,613.3333333
190,143,864
190,149,1460
190,150,577.3333333
190,168,534.25
190,170,621.6666667
190,179,505.25
190,191,417.2
190,194,740
190,202,604.6666667
190,214,767.5
190,215,1559
190,219,1655
190,224,340.4
190,231,1666
190,232,1607
190,235,856
190,236,426.2
190,239,1590
190,268,893
190,270,1460
190,280,569.3333333
190,291,1460
190,299,1502
190,310,876.5
191,7,794
191,10,480.5
191,18,150.95
191,20,290.6363636
191,25,317.1428571
191,30,811
191,38,294.8571429
191,40,265.8461538
191,43,447.25
191,49,435.2
191,51,229.0714286
191,54,1570
191,63,316
191,65,221.3636364
191,66,292.625
191,71,1663
191,77,419.6
191,81,364.2857143
191,84,238.1666667
191,86,377.5
191,87,295.6363636
191,93,291.4444444
191,108,231.4375
191,115,537.3333333
191,132,884.5
191,143,428.6
191,144,874
191,149,409
191,150,249.5833333
191,155,282.7777778
191,157,506
191,160,1549
191,162,224.5
191,168,657.5
191,170,503.625
191,172,1460
191,179,294.6
191,190,359
191,194,287.5714286
191,196,791.5
191,201,526
191,202,198.9
191,203,406.8333333
191,214,376.7142857
191,215,273.875
191,221,1611
191,222,1624
191,223,1758
191,224,233.5333333
191,225,1553
191,231,1811
191,235,208.7222222
191,236,524.3333333
191,241,308.5
191,243,1521
191,246,883.5
191,251,344.8571429
191,257,326.3333333
191,260,560.3333333
191,265,628
191,268,765.5
191,270,1460
191,271,529.75
191,279,482.5
191,280,639.5
191,282,707
191,290,233.7777778
191,291,646.25
191,299,320.25
191,301,886
191,305,1592
191,307,632.6666667
191,312,859.5
192,224,1506
193,18,840.5
193,65,455
193,87,1667
193,93,1532
193,149,1485
193,224,795.5
193,235,520.6666667
193,281,1578
194,10,1460
194,18,346.6
194,25,1460
194,38,531.6666667
194,40,1460
194,49,1460
194,51,1536
194,59,1460
194,63,761.5
194,66,532.3333333
194,71,1460
194,77,1460
194,81,816.5
194,84,500
194,86,548.6666667
194,93,512.3333333
194,115,371
194,132,753.5
194,143,925
194,150,1460
194,168,851
194,170,861
194,179,786
194,180,1460
194,190,740
194,191,299.7142857
194,196,1460
194,201,1460
194,202,819.5
194,214,333.8
194,217,1460
194,219,868
194,221,1460
194,222,526.3333333
194,223,1460
194,225,1460
194,231,1706
194,235,781
194,236,404
194,241,767
194,251,1460
194,257,740
194,268,419.25
194,270,862
194,271,1460
194,272,1460
194,279,1460
194,282,1460
194,288,1460
194,290,1713
194,291,1657
194,293,1460
194,297,1599
194,299,791.5
194,310,445.25
195,150,1530
196,18,312
196,51,1553
196,65,452
196,81,777.5
196,84,835
196,86,590.3333333
196,87,395
196,93,740
196,108,1583
196,143,1542
196,150,588
196,168,1666
196,170,1685
196,179,629.6666667
196,191,830
196,194,1528
196,202,1568
196,214,1556
196,224,778
196,235,1566
196,236,1667
196,291,1638
196,310,1549
197,87,445.5
197,150,793.5
197,168,1633
198,86,874.5
198,170,830
198,231,1503
198,236,1568
198,280,328.6666667
198,282,536.6666667
198,291,822.5
199,18,530.6666667
199,65,799.5
199,84,1542
199,87,1566
200,87,829.5
200,224,772
201,51,550.3333333
201,65,871.5
201,84,581.3333333
201,108,1512
201,115,1637
201,149,1545
201,191,549.25
201,194,1460
201,224,1620
201,235,815.5
201,268,1460
201,310,1650
202,7,1460
202,10,1615
202,18,170.7894737
202,20,363.3333333
202,25,430.2
202,30,835.5
202,38,374.6666667
202,40,311.3636364
202,48,1633
202,51,295
202,59,811
202,63,517.75
202,65,264.8888889
202,66,511
202,77,633.3333333
202,81,655
202,84,306.5
202,86,409.5555556
202,87,309.9090909
202,92,1460
202,93,310
202,108,278.0833333
202,109,411.25
202,127,786.5
202,132,1630
202,133,1558
202,134,1558
202,143,590.3333333
202,149,873
202,150,362.8571429
202,155,522.5
202,161,272.2857143
202,162,249.0666667
202,168,483.8
202,170,483.8888889
202,179,261.6428571
202,181,1593
202,190,611
202,191,195.3
202,194,902
202,196,1580
202,203,902.5
202,212,1632
202,214,694
202,215,388.4
202,217,1540
202,221,1636
202,222,1665
202,224,194.9166667
202,225,853
202,235,315.4444444
202,236,777.3333333
202,241,442
202,243,558
202,257,326.7142857
202,260,852.5
202,265,1612
202,270,1769
202,271,1627
202,272,805.5
202,279,865
202,280,1827
202,282,721
202,290,330
202,291,1740
202,299,521.25
202,301,873.5
202,302,872.5
202,307,1619
202,308,560
202,310,300.5
202,313,1629
202,319,791
202,325,1616
203,18,363.1666667
203,38,817
203,40,1557
203,51,815.5
203,65,834
203,81,1615
203,84,1546
203,86,426
203,87,648.3333333
203,93,500
203,108,787
203,115,669.3333333
203,149,1549
203,150,920.5
203,168,635.3333333
203,170,1699
203,179,830.5
203,191,407.5
203,202,913
203,214,550.3333333
203,224,753.5
203,235,831.5
203,236,523.6
203,268,429.5
203,280,1460
203,299,1524
203,310,398.8
204,224,740
205,18,566.3333333
205,38,1560
205,65,585.3333333
205,84,1560
206,18,788.5
206,86,1595
206,87,800
206,214,1513
206,224,509.3333333
207,18,803.5
207,87,804
208,18,547.3333333
208,65,574
208,87,560.6666667
208,150,815.5
209,86,839.5
209,214,545.6666667
210,93,1520
210,214,1460
210,224,770
211,86,1591
211,87,1627
211,170,792
211,236,824.5
211,270,1460
211,280,1578
211,282,1479
212,18,857.5
212,65,601
212,86,869
212,87,888
212,93,789
212,179,1561
212,202,1633
212,214,528
212,224,318.2
212,235,1572
212,236,1670
213,86,827
213,87,910.5
213,214,1587
213,280,584.6666667
213,291,803.5
214,3,787.5
214,18,294.9
214,19,781.5
214,20,900.5
214,23,1625
214,25,862
214,32,1566
214,33,562.3333333
214,34,777
214,38,840.5
214,39,898
214,40,441.75
214,44,1483
214,51,612.3333333
214,52,861
214,60,760.5
214,61,1518
214,63,832.5
214,65,621
214,66,824.5
214,77,586.3333333
214,78,1495
214,81,1608
214,84,494
214,86,306.75
214,87,405.1666667
214,89,529.6666667
214,92,786.5
214,93,450.5
214,104,1506
214,108,406.4
214,110,540.3333333
214,113,895.5
214,115,1651
214,118,524.6666667
214,120,1531
214,123,821
214,124,535
214,129,784
214,132,537.3333333
214,138,1577
214,140,1493
214,149,614
214,150,478.4
214,151,1550
214,154,1500
214,155,572
214,156,1504
214,159,1586
214,162,475.5
214,168,431.8333333
214,170,426.1666667
214,179,383.1666667
214,182,771.5
214,184,755.5
214,190,811.5
214,191,373.7142857
214,194,320.6
214,196,1570
214,202,694.3333333
214,203,552.6666667
214,206,1460
214,209,526.6666667
214,210,1460
214,212,543.3333333
214,213,1606
214,215,1628
214,221,1460
214,222,535.3333333
214,224,180.5
214,231,936
214,235,495
214,236,406.3333333
214,241,832.5
214,245,1642
214,248,1656
214,254,816
214,257,862.5
214,259,772
214,260,1579
214,267,761
214,268,418.6666667
214,270,938
214,271,1460
214,279,1542
214,280,426.2
214,282,706.6666667
214,288,1658
214,290,1736
214,291,521.75
214,293,1655
214,294,1655
214,297,1637
214,299,553
214,310,672
214,324,1603
214,326,826.5
215,18,250.875
215,20,451.25
215,38,802.5
215,51,619.6666667
215,65,466.25
215,81,446.5
215,84,491
215,86,526
215,87,298.2857143
215,93,792
215,108,521.5
215,115,466.5
215,143,552.3333333
215,149,854
215,150,223.1111111
215,162,643.3333333
215,168,845.5
215,170,855
215,179,1598
215,190,1551
215,191,278.125
215,202,376
215,214,1585
215,224,435.5
215,235,866
215,236,933
215,270,1694
215,271,1539
215,280,1745
215,299,1535
215,310,546.6666667
216,18,1618
216,81,1555
216,86,264.5714286
216,87,844
216,108,1647
216,143,1579
216,150,1584
216,170,1551
216,179,1460
216,224,1593
216,236,1528
216,282,1573
217,7,1529
217,18,421.75
217,38,819.5
217,40,1550
217,51,541
217,65,352.6
217,87,1642
217,108,829.5
217,115,1538
217,149,1522
217,179,1540
217,194,1460
217,202,1545
217,235,817.5
218,18,806.5
218,65,433.75
219,2,1572
219,20,1631
219,35,844
219,38,1687
219,39,811.5
219,50,309.3333333
219,81,920.5
219,86,434.4
219,105,809
219,123,836.5
219,143,933.5
219,168,215.4545455
219,170,314.3333333
219,180,355.8
219,190,1635
219,194,847.5
219,223,554.3333333
219,231,462.5
219,236,397.6
219,248,805.5
219,263,1496
219,270,445.25
219,273,1506
219,280,410.8
219,291,463.25
219,294,324.8333333
219,299,1460
220,149,740
221,18,474.75
221,20,804
221,38,1536
221,65,868.5
221,84,1601
221,86,324.3333333
221,87,302.5
221,143,813.5
221,150,365
221,168,877.5
221,170,911.5
221,179,1632
221,191,1587
221,194,1460
221,202,1611
221,214,1539
221,224,422
221,236,624.6666667
221,280,1668
221,281,1583
221,291,1590
221,299,1518
222,18,462.25
222,23,1583
222,65,870.5
222,81,1460
222,84,1577
222,86,459.25
222,87,483.75
222,93,1541
222,143,1599
222,150,1460
222,168,1613
222,170,1460
222,179,872.5
222,191,1615
222,194,771
222,202,1661
222,214,530
222,224,395
222,232,1621
222,236,489.75
222,280,1653
222,291,870.5
222,310,1609
223,18,951.5
223,81,1601
223,86,421.4
223,87,450.6
223,150,1609
223,162,1744
223,168,418.75
223,191,1705
223,194,1460
223,219,556.3333333
223,231,1584
223,236,431.75
223,280,453.8
223,282,425
223,288,791.5
223,291,587.6666667
223,293,561
224,0,1460
224,2,920.5
224,10,1541
224,11,761.5
224,17,318
224,18,213
224,19,1460
224,20,344.6666667
224,21,1460
224,22,1460
224,24,509.3333333
224,25,781.5
224,30,1552
224,37,740
224,38,184.7
224,39,843
224,40,204.7272727
224,48,1549
224,49,1460
224,51,299.3333333
224,52,674.6666667
224,56,1460
224,57,740
224,59,572.6666667
224,60,500
224,62,1460
224,63,401.5
224,65,215.7
224,66,248.2857143
224,67,756
224,68,767.5
224,71,882.5
224,72,1460
224,77,292.1666667
224,78,760.5
224,81,499.75
224,82,1460
224,83,755.5
224,84,180.1666667
224,85,1460
224,86,262
224,87,211.6923077
224,89,740
224,92,500
224,93,172.6363636
224,95,1573
224,97,740
224,99,740
224,102,1671
224,106,1460
224,108,267
224,109,822.5
224,110,532.6666667
224,111,1460
224,113,1460
224,115,307.2
224,117,740
224,118,778.5
224,120,388
224,123,1671
224,129,500
224,132,260
224,133,790
224,134,740
224,138,895.5
224,144,740
224,146,740
224,149,575.3333333
224,150,333
224,151,409.75
224,155,266
224,159,678.3333333
224,161,474
224,162,306
224,163,1554
224,165,1460
224,166,512.6666667
224,168,328.125
224,170,335.0833333
224,177,797.5
224,179,166.5
224,181,1563
224,182,1460
224,184,763
224,185,1460
224,189,1460
224,190,338.6
224,191,211.8461538
224,192,1460
224,193,777
224,196,1460
224,200,789.5
224,201,1460
224,202,242.8
224,203,759.5
224,204,740
224,206,387.25
224,210,765.5
224,212,313.4
224,214,193.5
224,215,481
224,216,1655
224,221,449.25
224,222,396.25
224,225,534.3333333
224,228,809
224,230,653.6666667
224,231,552
224,235,261
224,236,273.8461538
224,237,761
224,241,521.3333333
224,248,870
224,251,1460
224,253,789
224,254,1585
224,257,558.3333333
224,260,782.5
224,265,772
224,267,1460
224,268,302.1
224,270,553.25
224,271,827.5
224,272,740
224,274,308
224,279,319
224,280,374.4545455
224,282,368.2222222
224,283,559
224,290,570.75
224,291,320.5
224,292,1574
224,293,862
224,294,565.25
224,297,641.6666667
224,299,420.75
224,301,984.5
224,303,1460
224,304,1538
224,307,397.75
224,309,758.5
224,310,258.9
224,313,575.3333333
224,314,960.5
224,315,513
224,319,524.3333333
224,325,791
225,18,442.25
225,38,1594
225,51,549
225,65,438.5
225,84,531.6666667
225,86,873
225,87,928.5
225,93,740
225,108,438.5
225,149,542.3333333
225,150,1632
225,179,365
225,191,1555
225,194,1584
225,202,856
225,224,465
225,235,544.6666667
226,115,1629
226,162,758.5
226,235,1520
227,39,1518
227,123,1499
227,168,1578
227,236,1604
227,248,1595
228,224,770
229,115,1626
229,149,823.5
229,281,1620
230,7,1592
230,18,258.8888889
230,25,1595
230,40,431.6
230,51,618.6666667
230,65,474.5
230,84,420
230,87,659.3333333
230,93,1603
230,108,332.3333333
230,144,656.3333333
230,149,865
230,150,879.5
230,157,485.5
230,162,305.8571429
230,170,1776
230,179,374.5
230,224,554.6666667
230,235,436.2
230,251,1595
230,312,869
231,2,1603
231,18,985.5
231,20,1659
231,39,548.6666667
231,40,1748
231,50,1567
231,65,1728
231,81,1663
231,84,1718
231,86,288.1
231,87,580.75
231,108,1011
231,111,1547
231,123,789.5
231,149,1710
231,150,954
231,162,653
231,168,300.625
231,170,264.6
231,190,1636
231,191,1748
231,194,1665
231,198,1500
231,214,911
231,219,457.5
231,223,1565
231,224,576.75
231,236,287.5
231,248,465.75
231,263,801.5
231,270,498.25
231,280,135.1764706
231,282,306.2857143
231,288,330.3333333
231,291,462.25
231,293,446.5
231,294,578.6666667
231,299,1658
231,300,812.5
231,310,1752
231,314,1598
232,36,1580
232,60,1614
232,77,1569
232,117,1602
232,120,1585
232,132,1601
232,155,1585
232,176,1576
232,190,1610
232,222,1628
232,247,1611
232,279,1573
232,298,1640
233,65,546
234,65,437.5
234,235,1499
235,10,1509
235,16,1510
235,18,248.5454545
235,20,982
235,21,1545
235,25,777.5
235,29,815.5
235,30,1584
235,38,406.6
235,40,265.1428571
235,48,797.5
235,49,794
235,53,1547
235,54,1534
235,59,830.5
235,63,817.5
235,65,278.375
235,66,580.6666667
235,77,591
235,80,1580
235,81,1460
235,82,590.3333333
235,84,529
235,86,546.4
235,87,413.5
235,93,343
235,109,900.5
235,115,340.5714286
235,120,1565
235,133,809
235,134,827.5
235,149,775
235,150,947
235,153,1529
235,155,850
235,157,1490
235,161,847
235,162,1490
235,168,606.5
235,170,590.8333333
235,190,923.5
235,191,222.1666667
235,193,526.3333333
235,194,799.5
235,196,1631
235,201,791.5
235,202,319.3333333
235,203,801
235,212,1585
235,214,540.25
235,215,920
235,217,814
235,224,277.1428571
235,225,542
235,226,1504
235,230,441.4
235,234,1501
235,236,609.8
235,241,431.25
235,243,1617
235,251,781.5
235,253,797.5
235,257,443.75
235,260,532.6666667
235,264,1517
235,265,790.5
235,268,457
235,270,1793
235,272,837.5
235,276,1488
235,277,794
235,279,851
235,280,1083
235,282,1089
235,290,448.8333333
235,291,1026.5
235,297,880.5
235,299,519.5
235,301,1646
235,307,785.5
235,310,337.375
235,319,839
236,2,356.4
236,6,1582
236,17,1460
236,18,404.2857143
236,20,302.625
236,27,1524
236,32,1460
236,33,1613
236,38,553.75
236,39,497.5
236,40,981
236,49,1654
236,50,327.6666667
236,51,956.5
236,60,1612
236,63,686.3333333
236,65,504.4
236,66,679
236,71,820.5
236,77,914.5
236,81,367.5
236,84,842
236,86,185.9444444
236,87,237.6666667
236,90,1520
236,92,816.5
236,93,487.6
236,99,1548
236,102,309.8333333
236,105,1460
236,108,452.1666667
236,110,1460
236,111,1534
236,114,767
236,115,957.5
236,123,646.6666667
236,126,1531
236,132,1631
236,143,503.75
236,149,950
236,150,321
236,151,1565
236,152,1571
236,155,661
236,162,733
236,168,246.5
236,170,159.6111111
236,171,1536
236,179,1718
236,180,437.75
236,181,1589
236,188,1534
236,190,432.4
236,191,468.1666667
236,194,318.2857143
236,196,1604
236,198,1584
236,202,712.3333333
236,203,443.4
236,211,1557
236,212,1628
236,214,385.6666667
236,215,888
236,216,1527
236,219,403.6
236,221,601.3333333
236,222,478
236,223,417.5
236,224,241
236,227,1644
236,231,316.5
236,235,526.6
236,241,938.5
236,248,532
236,256,871
236,257,1460
236,263,592.6666667
236,266,1521
236,269,1513
236,270,249.5
236,271,478.5
236,273,1530
236,275,816
236,279,1621
236,280,257
236,282,251.1818182
236,284,1507
236,288,399.6
236,291,214.4166667
236,293,363
236,294,281.2857143
236,299,422
236,300,1460
236,310,937.5
236,313,609.6666667
236,314,524.6666667
236,328,768
237,23,1641
237,65,823.5
237,87,860
237,115,1617
237,224,753.5
237,239,1591
238,150,1460
239,0,1581
239,110,1652
239,117,1591
239,132,1593
239,190,1603
239,237,1594
239,252,1706
239,283,1585
239,307,1595
239,319,1527
240,291,1492
241,18,390.4
241,38,825
241,40,545.3333333
241,51,776
241,65,325.8333333
241,81,1644
241,84,540.6666667
241,86,706.6666667
241,87,926.5
241,93,780.5
241,108,351.2
241,115,518
241,143,1645
241,149,538.3333333
241,150,923
241,162,439.25
241,168,1009.5
241,170,1759
241,179,362.2
241,191,313.375
241,194,778
241,202,447.4
241,214,802.5
241,224,529.6666667
241,235,421.25
241,236,1007.5
241,257,1516
241,268,442.4
241,280,1767
241,297,1589
241,299,1460
241,310,470.5
242,93,1508
243,18,351
243,38,797.5
243,65,452.75
243,81,1550
243,84,836
243,86,1620
243,87,476.75
243,143,1537
243,150,819
243,179,1583
243,191,1521
243,202,548.3333333
243,235,1581
243,299,1541
244,86,1538
244,170,1516
245,86,797
245,214,1620
245,280,303.3333333
245,282,1550
245,291,812
246,162,1460
246,191,908
247,232,1651
248,20,1592
248,38,1645
248,39,1567
248,40,1731
248,81,1596
248,86,417.4
248,87,633.6666667
248,150,891
248,162,1718
248,168,1499
248,170,1486
248,214,1639
248,219,806
248,224,740
248,227,1615
248,231,511.25
248,236,545.3333333
248,280,422.8
248,282,252.25
248,288,1460
248,291,826.5
248,293,1529
249,86,1489
250,280,769.5
251,18,876
251,51,564.6666667
251,65,616.3333333
251,84,451.5
251,93,857
251,108,410.25
251,115,908.5
251,149,813
251,191,332.7142857
251,194,1460
251,224,740
251,230,1626
251,235,799
251,268,907
251,310,665
252,239,1669
253,18,1614
253,51,592
253,65,878
253,84,588.6666667
253,93,1582
253,108,563
253,149,828
253,162,1514
253,224,828
253,235,821.5
253,310,1657
254,23,1569
254,86,407.5
254,87,1578
254,214,774
254,224,1460
255,170,1531
255,280,1553
255,282,540.3333333
256,86,860
256,170,740
256,236,850.5
256,280,303.6666667
256,282,546.6666667
256,291,778
257,18,260.25
257,20,919.5
257,38,817
257,40,307.1428571
257,51,545.3333333
257,65,295.3333333
257,81,1620
257,84,537
257,86,527.4
257,87,547.5
257,93,580
257,108,283.7142857
257,115,788
257,149,778.5
257,150,899.5
257,162,259.875
257,168,1036
257,170,1775
257,179,291.2857143
257,191,324.1666667
257,194,793
257,202,311.7142857
257,214,887.5
257,224,375.4
257,235,435.75
257,236,1741
257,241,1512
257,280,1071
257,282,1793
257,290,909.5
257,291,1716
257,299,1460
257,310,467.75
258,23,1654
259,214,778
260,18,338.1666667
260,40,544
260,65,312
260,86,972
260,87,921.5
260,93,1540
260,108,362.4
260,115,796.5
260,149,528.3333333
260,150,1641
260,162,1512
260,179,429
260,191,532
260,202,861
260,214,1620
260,224,798.5
260,235,537.3333333
260,297,1569
260,310,1566
261,86,793
262,86,1511
263,18,1693
263,20,1625
263,50,1515
263,86,419
263,87,667.6666667
263,150,1634
263,162,1728
263,168,312
263,170,226.7777778
263,180,1524
263,219,1494
263,231,816.5
263,236,576.3333333
263,270,807
263,280,564
263,282,425.25
263,288,1500
263,291,564.6666667
263,294,1528
264,18,801.5
264,65,303.8333333
264,149,778.5
264,179,1517
264,235,1508
265,18,857.5
265,40,1460
265,51,793
265,65,593
265,84,557
265,93,801
265,108,354
265,149,763.5
265,162,417.5
265,191,645.3333333
265,202,1635
265,224,436.75
265,235,767.5
265,310,891
266,87,803
266,236,1536
267,214,761.5
267,224,1507
268,7,867
268,18,238.3333333
268,20,889.5
268,25,644
268,38,1561
268,40,424
268,49,886.5
268,51,500.75
268,63,394.1666667
268,65,403.6
268,66,312.8571429
268,77,502.75
268,81,1600
268,84,494
268,86,527
268,87,524.75
268,93,364
268,108,366
268,132,895
268,143,1582
268,144,1612
268,149,617.6666667
268,150,618.6666667
268,155,387.3333333
268,157,1599
268,162,599.6666667
268,170,1753
268,172,1460
268,179,878.5
268,190,899
268,191,770
268,194,417.5
268,201,1460
268,203,400.6666667
268,214,411.8333333
268,224,256.8181818
268,235,394.3333333
268,241,430.4
268,251,885
268,279,853.5
268,280,1810
268,282,1803
268,299,438.4
269,87,553
269,236,1515
270,2,1540
270,18,515.6
270,20,517.5
270,38,941.5
270,39,851
270,40,1731
270,51,1700
270,65,721.3333333
270,81,520.25
270,86,296
270,87,363.7142857
270,93,1667
270,108,645.5
270,111,1515
270,115,986
270,123,1601
270,138,1591
270,143,889
270,149,1714
270,150,528
270,159,1594
270,162,519.2
270,168,266.2857143
270,170,771
270,190,1610
270,191,1696
270,194,740
270,202,1704
270,211,1460
270,214,923
270,215,1640
270,219,374.4
270,224,468.2
270,231,517.5
270,235,1713
270,236,251.25
270,263,814
270,271,1583
270,275,1504
270,280,299
270,282,240.1111111
270,288,255.375
270,291,355.5
270,293,297.5714286
270,299,914
270,300,1537
270,314,1514
271,2,1547
271,18,412.8
271,38,835.5
271,51,1616
271,65,873
271,71,1568
271,81,543
271,86,304
271,87,243.5
271,93,1602
271,102,819
271,108,1638
271,115,1593
271,143,536.6666667
271,149,890
271,150,264
271,162,1661
271,168,531
271,170,559
271,191,506.5
271,194,1460
271,202,1594
271,214,1585
271,215,1524
271,224,798
271,236,509.5
271,270,1629
271,280,1706
271,282,1664
271,291,1605
271,299,1550
271,310,857
272,18,338.6
272,38,1532
272,40,1596
272,51,816
272,65,359.2
272,81,1460
272,84,811
272,86,1666
272,87,646.6666667
272,108,483
272,143,1592
272,149,818.5
272,150,869.5
272,162,565
272,179,835
272,194,1575
272,202,773.5
272,224,804
272,235,840
273,86,506
273,87,1615
273,168,548.3333333
273,170,1481
273,219,1507
273,236,809.5
273,280,1601
273,282,546.3333333
274,18,837.5
274,65,818.5
274,87,896.5
274,93,753.5
274,224,387.75
274,281,1586
275,86,872.5
275,87,1620
275,170,776.5
275,236,812.5
275,270,1507
275,280,1590
275,282,757.5
276,65,810.5
276,235,1493
277,93,1520
277,149,768
277,235,754.5
278,168,1518
279,18,357.6
279,51,1526
279,65,437.25
279,81,1581
279,84,815
279,86,907.5
279,87,642.6666667
279,93,765
279,108,835
279,115,1460
279,149,812
279,150,1606
279,168,969
279,170,1460
279,179,597
279,191,481.5
279,202,866.5
279,214,1557
279,224,343.4
279,232,1570
279,235,822
279,236,1693
279,268,798.5
279,310,847.5
280,2,1602
280,13,779.5
280,18,421.125
280,20,709.3333333
280,32,842.5
280,35,405.25
280,38,971.5
280,39,208.7272727
280,40,578
280,50,580.6666667
280,51,1460
280,52,582.3333333
280,65,1721
280,66,1700
280,77,962
280,81,841.5
280,84,999.5
280,86,238.7692308
280,87,428.1428571
280,93,482.8
280,96,764.5
280,102,1626
280,105,351.8
280,108,579.5
280,111,612.6666667
280,113,801.5
280,115,1057
280,123,177.8333333
280,135,1541
280,138,1582
280,141,1534
280,149,667.6666667
280,150,527.4
280,151,1637
280,152,1547
280,155,1675
280,159,829
280,162,456.4285714
280,168,223.9166667
280,170,224.7692308
280,190,558.3333333
280,191,606
280,198,290
280,202,1772
280,203,1665
280,211,1566
280,213,562
280,214,406.8
280,215,1708
280,219,405.2
280,221,1642
280,222,1624
280,223,428
280,224,297.1818182
280,231,126.4444444
280,235,1009
280,236,214.8235294
280,241,1695
280,245,293.3333333
280,248,436.4
280,250,783
280,255,1548
280,256,260.4285714
280,257,1004
280,263,574.6666667
280,268,1776
280,270,295.3333333
280,271,1668
280,273,1578
280,275,1572
280,282,200.4666667
280,288,313.5714286
280,291,248.5555556
280,293,306.8571429
280,294,317.7142857
280,299,946
280,300,828.5
280,303,778.5
280,310,693.6666667
280,314,595.3333333
280,327,763
281,0,1583
281,21,802.5
281,117,1588
281,118,1641
281,132,1590
281,147,1545
281,155,1569
281,176,1558
281,193,1561
281,221,1618
281,229,1603
281,274,1584
281,319,1527
281,320,1521
282,2,1579
282,6,783
282,17,854
282,18,550
282,20,553.75
282,25,1752
282,27,1505
282,31,1507
282,38,1691
282,39,384
282,40,600.4
282,50,348.6
282,51,1737
282,52,612.3333333
282,63,1706
282,65,766.3333333
282,81,1647
282,84,1735
282,86,289.4
282,87,436.5
282,93,740
282,99,1583
282,105,809.5
282,108,441.6
282,111,521.3333333
282,115,667
282,123,838
282,149,572
282,150,443
282,155,1689
282,159,614.3333333
282,162,379.4615385
282,168,195.7692308
282,170,134.55
282,191,655.75
282,198,557.3333333
282,202,664.75
282,211,1482
282,214,691
282,216,1576
282,223,437.25
282,224,338.125
282,231,308.2857143
282,235,1025
282,236,241.2727273
282,245,1551
282,248,249.125
282,255,524.6666667
282,256,568
282,257,1733
282,263,416.25
282,268,1742
282,270,246.8888889
282,271,1640
282,273,546
282,275,784
282,280,223.4285714
282,291,249.9
282,293,506.6666667
282,294,280.8571429
282,299,1657
282,300,1460
282,303,1559
282,310,768.6666667
282,314,567
283,18,818.5
283,65,596.6666667
283,86,487.5
283,87,374.2
283,224,539.6666667
283,239,1564
284,86,779.5
284,236,1502
284,291,549.6666667
285,149,1487
285,224,1551
286,86,771.5
287,18,572.3333333
287,65,599
287,87,422.25
287,150,1502
287,170,1671
288,18,1700
288,20,908
288,38,1718
288,39,817.5
288,50,345.6
288,81,1630
288,86,388.6666667
288,87,1632
288,123,849
288,143,1659
288,150,929.5
288,162,1749
288,168,366.8
288,170,191.7272727
288,180,553
288,214,1647
288,223,789
288,231,333.8333333
288,236,394.4
288,248,1460
288,263,1502
288,270,253.25
288,280,308.625
288,291,587.3333333
288,294,556
288,299,1665
289,87,417.5
290,18,700.6666667
290,20,1736
290,25,853.5
290,38,1689
290,40,496.6
290,49,1717
290,51,963
290,65,702.3333333
290,84,1666
290,87,1733
290,108,421.125
290,115,365
290,143,1711
290,149,962.5
290,150,991.5
290,162,372.6363636
290,179,1460
290,191,264.3529412
290,194,1460
290,202,444.6
290,214,1767
290,224,588.5
290,235,482.8333333
290,257,928
290,299,1720
290,301,1479
290,310,500.25
291,2,810
291,18,411.4285714
291,20,444.2
291,32,805.5
291,38,905
291,39,550.3333333
291,40,730.3333333
291,46,1525
291,50,469
291,51,942
291,52,561.3333333
291,55,1491
291,63,1638
291,65,695
291,71,571
291,73,1517
291,77,1623
291,81,1588
291,84,1658
291,86,186.5
291,87,389
291,92,1587
291,93,616
291,100,1491
291,105,835.5
291,108,715.3333333
291,111,811.5
291,113,824
291,115,980.5
291,123,826
291,126,538.6666667
291,135,812.5
291,141,1527
291,143,1614
291,149,1668
291,150,418.3333333
291,152,776
291,155,1619
291,159,777
291,162,529.2
291,168,276.7142857
291,170,222.3333333
291,180,557.3333333
291,186,814
291,190,1577
291,191,612.75
291,194,1606
291,196,1611
291,198,783.5
291,202,981.5
291,203,1620
291,213,819
291,214,503
291,219,462
291,221,1575
291,222,855
291,223,577.3333333
291,224,270.2857143
291,231,477.75
291,235,951
291,236,206.8333333
291,240,1491
291,245,820
291,248,815
291,256,822.5
291,257,1662
291,263,561.3333333
291,270,341.3333333
291,271,1588
291,280,265.2222222
291,282,259.4
291,284,539.6666667
291,288,465.75
291,293,457.75
291,294,459.5
291,299,882.5
291,303,781
291,310,964.5
291,313,1578
291,314,823
291,316,1493
292,86,1524
292,224,1532
293,18,978
293,20,1634
293,39,807
293,50,434.75
293,65,1707
293,81,1632
293,86,282.5
293,87,677.3333333
293,123,1551
293,143,1646
293,149,1718
293,150,1654
293,162,1741
293,168,238.8888889
293,170,193.4545455
293,180,441
293,194,1667
293,214,1643
293,223,555.6666667
293,224,844
293,231,453
293,236,344.8333333
293,248,1531
293,270,293.4285714
293,280,317.5714286
293,282,527.6666667
293,291,457
293,294,427
293,299,1657
294,17,1567
294,18,948
294,20,1594
294,38,1655
294,81,1614
294,86,342.1428571
294,87,448.4
294,108,1006.5
294,143,1619
294,150,654.3333333
294,162,1742
294,168,236.625
294,214,1642
294,219,322
294,224,525.25
294,231,590.3333333
294,236,278.4285714
294,263,1531
294,280,354
294,282,289.2857143
294,288,557.3333333
294,291,475.5
294,293,446.75
294,299,1637
294,300,1534
295,87,869.5
296,87,757.5
297,18,377.6
297,20,873.5
297,38,836
297,40,1460
297,51,859.5
297,63,1582
297,65,463.5
297,66,1571
297,77,1572
297,81,1603
297,84,606.3333333
297,86,950
297,87,888
297,93,1460
297,108,368.5714286
297,117,1594
297,143,1574
297,149,1576
297,150,1591
297,155,617.6666667
297,162,1460
297,179,871
297,190,1612
297,214,1638
297,224,605.6666667
297,235,869.5
297,241,1578
297,260,1558
297,299,1583
298,23,1613
298,232,1655
299,18,333.6666667
299,20,864
299,38,1515
299,40,857.5
299,51,588.6666667
299,63,1523
299,65,443.5
299,66,1516
299,81,479.75
299,84,349
299,86,321.125
299,87,491.25
299,92,1501
299,93,423.25
299,98,1551
299,108,329.5714286
299,115,423.6
299,143,626
299,149,838.5
299,150,890.5
299,151,1531
299,161,1556
299,168,492
299,170,715
299,179,368.1666667
299,180,1690
299,181,1513
299,190,1460
299,191,317.125
299,194,759.5
299,202,638.3333333
299,203,1505
299,214,565.6666667
299,215,1551
299,219,1687
299,221,1543
299,222,1512
299,224,338.4
299,231,1689
299,235,453.25
299,236,491.2
299,241,1526
299,243,1551
299,257,1544
299,268,442
299,270,954
299,271,1594
299,280,979
299,282,1688
299,288,1683
299,290,1696
299,291,831
299,293,1683
299,294,1460
299,297,1581
299,310,424.8
299,313,1526
300,170,802
300,231,817
300,236,1460
300,270,1529
300,280,835
300,282,1460
300,294,1529
301,18,708.6666667
301,40,1696
301,65,946.5
301,87,1760
301,108,1706
301,115,1619
301,149,1677
301,150,1728
301,162,985.5
301,191,910
301,202,885.5
301,224,906
301,235,1701
301,290,395
302,18,1673
302,65,1676
302,115,1616
302,202,894
303,86,1547
303,170,792
303,224,1460
303,280,794
303,282,1557
303,291,758.5
304,86,1540
304,224,1519
305,191,1616
306,87,1512
307,18,862
307,40,1502
307,51,556
307,65,842
307,84,800.5
307,86,1720
307,87,1706
307,93,819.5
307,108,784.5
307,149,796.5
307,162,763
307,191,817.5
307,202,1637
307,224,380
307,235,1506
307,239,1615
307,268,1622
308,18,543.3333333
308,65,562.3333333
308,84,1550
308,87,865.5
308,202,559.3333333
309,224,766.5
310,7,1574
310,10,887
310,18,180.8666667
310,20,440.6
310,25,527
310,30,1525
310,38,352.6666667
310,40,450
310,49,808.5
310,51,334.5714286
310,54,1569
310,63,425
310,65,386.4
310,66,461.75
310,77,604.6666667
310,81,442.6
310,84,362.8333333
310,86,408.625
310,87,363.4285714
310,93,316.2857143
310,108,332.125
310,115,759.5
310,132,872.5
310,143,613
310,144,1629
310,149,606.6666667
310,150,373.6666667
310,155,379.6666667
310,157,634
310,162,344.1428571
310,168,676.6666667
310,170,796
310,179,335.625
310,190,646.6666667
310,194,500
310,196,1595
310,201,1460
310,202,291.3333333
310,203,393
310,214,669.3333333
310,215,574.6666667
310,222,1619
310,224,232.9090909
310,235,316.75
310,236,999
310,241,491
310,251,642
310,253,1614
310,257,463
310,260,1557
310,265,870
310,271,882
310,279,844.5
310,280,740
310,282,1061
310,290,528.25
310,291,995.5
310,299,495
311,18,544
311,65,528.3333333
311,87,890.5
312,18,1584
312,65,1548
312,191,872.5
312,230,891.5
313,18,586.6666667
313,65,854
313,81,792.5
313,86,444.25
313,87,540.6666667
313,143,1540
313,150,584.6666667
313,168,1608
313,170,1638
313,202,1612
313,224,547
313,236,634.3333333
313,291,1597
313,299,1507
314,18,906
314,86,378.6
314,87,407.2
314,143,1573
314,150,613
314,168,805
314,170,381.6
314,224,740
314,231,1624
314,236,526.3333333
314,270,1519
314,280,627.3333333
314,282,578.3333333
314,291,839
315,93,409.75
315,224,539.3333333
316,291,1496
317,87,548.6666667
318,87,528.6666667
319,18,414.75
319,65,342.8
319,84,801
319,86,1653
319,87,875.5
319,93,809
319,115,1555
319,149,565
319,150,627.6666667
319,179,1544
319,202,840.5
319,224,530.6666667
319,235,824
319,239,1532
319,281,1527
320,115,1550
320,281,1523
321,150,1460
322,86,776
323,18,790
324,18,423.75
324,38,1527
324,51,1565
324,65,567.3333333
324,81,841
324,84,1554
324,87,609
324,150,835
324,214,1598
325,18,814
325,23,1608
325,65,1550
325,87,289.5714286
325,108,1592
325,150,817
325,179,1597
325,202,1598
325,224,775.5
326,86,740
326,214,816.5
327,280,769
328,87,1577
328,236,776.5
